file,Year,Bene_Geo_Lvl,Bene_Geo_Desc 1,Bene_Geo_Desc 2,Bene_Geo_Cd,Bene_Age_Lvl,Bene_Demo_Lvl,Bene_Demo_Desc,Bene_Cond,Prvlnc,Tot_Mdcr_Stdzd_Pymt_PC,Tot_Mdcr_Pymt_PC,Hosp_Readmsn_Rate,ER_Visits_Per_1000_Benes
2007-12-31,2007,County,New Jersey,Atlantic,34001,All,All,All,Autism Spectrum Disorders,6.00E-04,9997.626364,11774.45636,,
2007-12-31,2007,County,New Jersey,Bergen,34003,All,All,All,Autism Spectrum Disorders,7.00E-04,7421.053647,8243.744706,,
2007-12-31,2007,County,New Jersey,Burlington,34005,All,All,All,Autism Spectrum Disorders,0.0022,4162.751035,4569.304914,,
2007-12-31,2007,County,New Jersey,Camden,34007,All,All,All,Autism Spectrum Disorders,6.00E-04,6178.610303,6702.229394,,
2007-12-31,2007,County,New Jersey,Cape May,34009,All,All,All,Autism Spectrum Disorders,0.0032,5761.913281,6389.716094,,
2007-12-31,2007,County,New Jersey,Cumberland,34011,All,All,All,Autism Spectrum Disorders,0.0021,4616.879524,5069.607143,,
2007-12-31,2007,County,New Jersey,Essex,34013,All,All,All,Autism Spectrum Disorders,8.00E-04,9753.450645,11826.6279,,
2007-12-31,2007,County,New Jersey,Gloucester,34015,All,All,All,Autism Spectrum Disorders,,,,,
2007-12-31,2007,County,New Jersey,Hudson,34017,All,All,All,Autism Spectrum Disorders,5.00E-04,6745.5825,8527.696071,,
2007-12-31,2007,County,New Jersey,Hunterdon,34019,All,All,All,Autism Spectrum Disorders,0.0093,5109.240217,5818.593406,,
2007-12-31,2007,County,New Jersey,Mercer,34021,All,All,All,Autism Spectrum Disorders,0.0052,4711.258656,5315.695546,,
2007-12-31,2007,County,New Jersey,Middlesex,34023,All,All,All,Autism Spectrum Disorders,8.00E-04,5041.352297,5666.312162,,
2007-12-31,2007,County,New Jersey,Monmouth,34025,All,All,All,Autism Spectrum Disorders,7.00E-04,3676.527241,3802.508966,,
2007-12-31,2007,County,New Jersey,Morris,34027,All,All,All,Autism Spectrum Disorders,9.00E-04,6860.397451,8033.101961,,
2007-12-31,2007,County,New Jersey,Ocean,34029,All,All,All,Autism Spectrum Disorders,6.00E-04,7303.006615,7867.067539,,
2007-12-31,2007,County,New Jersey,Passaic,34031,All,All,All,Autism Spectrum Disorders,9.00E-04,6783.619216,8427.333333,,
2007-12-31,2007,County,New Jersey,Salem,34033,All,All,All,Autism Spectrum Disorders,,,,,
2007-12-31,2007,County,New Jersey,Somerset,34035,All,All,All,Autism Spectrum Disorders,0.001,7706.091429,8510.041143,,
2007-12-31,2007,County,New Jersey,Sussex,34037,All,All,All,Autism Spectrum Disorders,0.0012,6272.757,6419.7955,,
2007-12-31,2007,County,New Jersey,Union,34039,All,All,All,Autism Spectrum Disorders,7.00E-04,4520.745682,5312.541136,,
2007-12-31,2007,County,New Jersey,Unknown,34999,All,All,All,Autism Spectrum Disorders,,,,,
2007-12-31,2007,County,New Jersey,Warren,34041,All,All,All,Autism Spectrum Disorders,,,,,
2007-12-31,2007,County,New Jersey,Atlantic,34001,<65,All,All,Autism Spectrum Disorders,,,,,
2007-12-31,2007,County,New Jersey,Bergen,34003,<65,All,All,Autism Spectrum Disorders,,,,,
2007-12-31,2007,County,New Jersey,Burlington,34005,<65,All,All,Autism Spectrum Disorders,,,,,
2007-12-31,2007,County,New Jersey,Camden,34007,<65,All,All,Autism Spectrum Disorders,,,,,
2007-12-31,2007,County,New Jersey,Cape May,34009,<65,All,All,Autism Spectrum Disorders,,,,,
2007-12-31,2007,County,New Jersey,Cumberland,34011,<65,All,All,Autism Spectrum Disorders,,,,,
2007-12-31,2007,County,New Jersey,Essex,34013,<65,All,All,Autism Spectrum Disorders,,,,,
2007-12-31,2007,County,New Jersey,Gloucester,34015,<65,All,All,Autism Spectrum Disorders,,,,,
2007-12-31,2007,County,New Jersey,Hudson,34017,<65,All,All,Autism Spectrum Disorders,,,,,
2007-12-31,2007,County,New Jersey,Hunterdon,34019,<65,All,All,Autism Spectrum Disorders,,,,,
2007-12-31,2007,County,New Jersey,Mercer,34021,<65,All,All,Autism Spectrum Disorders,0.0274,4817.89978,5435.040397,,
2007-12-31,2007,County,New Jersey,Middlesex,34023,<65,All,All,Autism Spectrum Disorders,,,,,
2007-12-31,2007,County,New Jersey,Monmouth,34025,<65,All,All,Autism Spectrum Disorders,0.0065,3676.527241,3802.508966,,
2007-12-31,2007,County,New Jersey,Morris,34027,<65,All,All,Autism Spectrum Disorders,,,,,
2007-12-31,2007,County,New Jersey,Ocean,34029,<65,All,All,Autism Spectrum Disorders,,,,,
2007-12-31,2007,County,New Jersey,Passaic,34031,<65,All,All,Autism Spectrum Disorders,0.0061,6783.619216,8427.333333,,
2007-12-31,2007,County,New Jersey,Salem,34033,<65,All,All,Autism Spectrum Disorders,,,,,
2007-12-31,2007,County,New Jersey,Somerset,34035,<65,All,All,Autism Spectrum Disorders,,,,,
2007-12-31,2007,County,New Jersey,Sussex,34037,<65,All,All,Autism Spectrum Disorders,0.0081,6272.757,6419.7955,,
2007-12-31,2007,County,New Jersey,Union,34039,<65,All,All,Autism Spectrum Disorders,0.0057,4520.745682,5312.541136,,
2007-12-31,2007,County,New Jersey,Unknown,34999,<65,All,All,Autism Spectrum Disorders,,,,,
2007-12-31,2007,County,New Jersey,Warren,34041,<65,All,All,Autism Spectrum Disorders,,,,,
2007-12-31,2007,County,New Jersey,Atlantic,34001,65+,All,All,Autism Spectrum Disorders,,,,,
2007-12-31,2007,County,New Jersey,Bergen,34003,65+,All,All,Autism Spectrum Disorders,,,,,
2007-12-31,2007,County,New Jersey,Burlington,34005,65+,All,All,Autism Spectrum Disorders,,,,,
2007-12-31,2007,County,New Jersey,Camden,34007,65+,All,All,Autism Spectrum Disorders,,,,,
2007-12-31,2007,County,New Jersey,Cape May,34009,65+,All,All,Autism Spectrum Disorders,,,,,
2007-12-31,2007,County,New Jersey,Cumberland,34011,65+,All,All,Autism Spectrum Disorders,,,,,
2007-12-31,2007,County,New Jersey,Essex,34013,65+,All,All,Autism Spectrum Disorders,,,,,
2007-12-31,2007,County,New Jersey,Gloucester,34015,65+,All,All,Autism Spectrum Disorders,,,,,
2007-12-31,2007,County,New Jersey,Hudson,34017,65+,All,All,Autism Spectrum Disorders,,,,,
2007-12-31,2007,County,New Jersey,Hunterdon,34019,65+,All,All,Autism Spectrum Disorders,,,,,
2007-12-31,2007,County,New Jersey,Mercer,34021,65+,All,All,Autism Spectrum Disorders,3.00E-04,2510.573636,2852.851818,,
2007-12-31,2007,County,New Jersey,Middlesex,34023,65+,All,All,Autism Spectrum Disorders,,,,,
2007-12-31,2007,County,New Jersey,Monmouth,34025,65+,All,All,Autism Spectrum Disorders,0,0,0,,
2007-12-31,2007,County,New Jersey,Morris,34027,65+,All,All,Autism Spectrum Disorders,,,,,
2007-12-31,2007,County,New Jersey,Ocean,34029,65+,All,All,Autism Spectrum Disorders,,,,,
2007-12-31,2007,County,New Jersey,Passaic,34031,65+,All,All,Autism Spectrum Disorders,0,0,0,,
2007-12-31,2007,County,New Jersey,Salem,34033,65+,All,All,Autism Spectrum Disorders,,,,,
2007-12-31,2007,County,New Jersey,Somerset,34035,65+,All,All,Autism Spectrum Disorders,,,,,
2007-12-31,2007,County,New Jersey,Sussex,34037,65+,All,All,Autism Spectrum Disorders,0,0,0,,
2007-12-31,2007,County,New Jersey,Union,34039,65+,All,All,Autism Spectrum Disorders,0,0,0,,
2007-12-31,2007,County,New Jersey,Unknown,34999,65+,All,All,Autism Spectrum Disorders,,,,,
2007-12-31,2007,County,New Jersey,Warren,34041,65+,All,All,Autism Spectrum Disorders,,,,,
2008-12-31,2008,County,New Jersey,Atlantic,34001,All,All,All,Autism Spectrum Disorders,5.00E-04,15841.506,16505.6395,,
2008-12-31,2008,County,New Jersey,Bergen,34003,All,All,All,Autism Spectrum Disorders,0.001,12047.2731,13999.7008,,
2008-12-31,2008,County,New Jersey,Burlington,34005,All,All,All,Autism Spectrum Disorders,0.0024,5770.124762,6084.698492,,
2008-12-31,2008,County,New Jersey,Camden,34007,All,All,All,Autism Spectrum Disorders,7.00E-04,3356.011053,3572.757632,,
2008-12-31,2008,County,New Jersey,Cape May,34009,All,All,All,Autism Spectrum Disorders,0.0041,7779.878395,8479.344691,,
2008-12-31,2008,County,New Jersey,Cumberland,34011,All,All,All,Autism Spectrum Disorders,0.0019,6247.942821,6816.639231,,
2008-12-31,2008,County,New Jersey,Essex,34013,All,All,All,Autism Spectrum Disorders,8.00E-04,7001.994444,8188.780635,,
2008-12-31,2008,County,New Jersey,Gloucester,34015,All,All,All,Autism Spectrum Disorders,5.00E-04,3894.492667,4109.632667,,
2008-12-31,2008,County,New Jersey,Hudson,34017,All,All,All,Autism Spectrum Disorders,6.00E-04,3721.21,4350.335333,,
2008-12-31,2008,County,New Jersey,Hunterdon,34019,All,All,All,Autism Spectrum Disorders,0.0092,6109.510288,6728.842014,,
2008-12-31,2008,County,New Jersey,Mercer,34021,All,All,All,Autism Spectrum Disorders,0.0059,5414.777132,6036.323015,,
2008-12-31,2008,County,New Jersey,Middlesex,34023,All,All,All,Autism Spectrum Disorders,0.001,8045.927753,8816.617079,,
2008-12-31,2008,County,New Jersey,Monmouth,34025,All,All,All,Autism Spectrum Disorders,8.00E-04,7361.497377,7893.595082,,
2008-12-31,2008,County,New Jersey,Morris,34027,All,All,All,Autism Spectrum Disorders,7.00E-04,6627.974546,8170.120455,,
2008-12-31,2008,County,New Jersey,Ocean,34029,All,All,All,Autism Spectrum Disorders,6.00E-04,5859.522154,6207.748,,
2008-12-31,2008,County,New Jersey,Passaic,34031,All,All,All,Autism Spectrum Disorders,9.00E-04,6738.890851,8379.595319,,
2008-12-31,2008,County,New Jersey,Salem,34033,All,All,All,Autism Spectrum Disorders,,,,,
2008-12-31,2008,County,New Jersey,Somerset,34035,All,All,All,Autism Spectrum Disorders,0.0011,6505.109737,7081.102895,,
2008-12-31,2008,County,New Jersey,Sussex,34037,All,All,All,Autism Spectrum Disorders,0.0014,4651.046667,4817.862917,,
2008-12-31,2008,County,New Jersey,Union,34039,All,All,All,Autism Spectrum Disorders,8.00E-04,7999.561818,9260.578636,,
2008-12-31,2008,County,New Jersey,Unknown,34999,All,All,All,Autism Spectrum Disorders,,,,,
2008-12-31,2008,County,New Jersey,Warren,34041,All,All,All,Autism Spectrum Disorders,,,,,
2008-12-31,2008,County,New Jersey,Atlantic,34001,<65,All,All,Autism Spectrum Disorders,,,,,
2008-12-31,2008,County,New Jersey,Bergen,34003,<65,All,All,Autism Spectrum Disorders,0.0094,7111.650319,7975.435426,,
2008-12-31,2008,County,New Jersey,Burlington,34005,<65,All,All,Autism Spectrum Disorders,,,,,
2008-12-31,2008,County,New Jersey,Camden,34007,<65,All,All,Autism Spectrum Disorders,,,,,
2008-12-31,2008,County,New Jersey,Cape May,34009,<65,All,All,Autism Spectrum Disorders,,,,,
2008-12-31,2008,County,New Jersey,Cumberland,34011,<65,All,All,Autism Spectrum Disorders,,,,,
2008-12-31,2008,County,New Jersey,Essex,34013,<65,All,All,Autism Spectrum Disorders,,,,,
2008-12-31,2008,County,New Jersey,Gloucester,34015,<65,All,All,Autism Spectrum Disorders,,,,,
2008-12-31,2008,County,New Jersey,Hudson,34017,<65,All,All,Autism Spectrum Disorders,,,,,
2008-12-31,2008,County,New Jersey,Hunterdon,34019,<65,All,All,Autism Spectrum Disorders,,,,,
2008-12-31,2008,County,New Jersey,Mercer,34021,<65,All,All,Autism Spectrum Disorders,0.0308,5160.348411,5736.906899,,
2008-12-31,2008,County,New Jersey,Middlesex,34023,<65,All,All,Autism Spectrum Disorders,,,,,
2008-12-31,2008,County,New Jersey,Monmouth,34025,<65,All,All,Autism Spectrum Disorders,,,,,
2008-12-31,2008,County,New Jersey,Morris,34027,<65,All,All,Autism Spectrum Disorders,,,,,
2008-12-31,2008,County,New Jersey,Ocean,34029,<65,All,All,Autism Spectrum Disorders,,,,,
2008-12-31,2008,County,New Jersey,Passaic,34031,<65,All,All,Autism Spectrum Disorders,,,,,
2008-12-31,2008,County,New Jersey,Salem,34033,<65,All,All,Autism Spectrum Disorders,,,,,
2008-12-31,2008,County,New Jersey,Somerset,34035,<65,All,All,Autism Spectrum Disorders,,,,,
2008-12-31,2008,County,New Jersey,Sussex,34037,<65,All,All,Autism Spectrum Disorders,0.0097,4651.046667,4817.862917,,
2008-12-31,2008,County,New Jersey,Union,34039,<65,All,All,Autism Spectrum Disorders,,,,,
2008-12-31,2008,County,New Jersey,Unknown,34999,<65,All,All,Autism Spectrum Disorders,,,,,
2008-12-31,2008,County,New Jersey,Warren,34041,<65,All,All,Autism Spectrum Disorders,,,,,
2008-12-31,2008,County,New Jersey,Atlantic,34001,65+,All,All,Autism Spectrum Disorders,,,,,
2008-12-31,2008,County,New Jersey,Bergen,34003,65+,All,All,Autism Spectrum Disorders,2.00E-04,36465.61737,43803.96105,,
2008-12-31,2008,County,New Jersey,Burlington,34005,65+,All,All,Autism Spectrum Disorders,,,,,
2008-12-31,2008,County,New Jersey,Camden,34007,65+,All,All,Autism Spectrum Disorders,,,,,
2008-12-31,2008,County,New Jersey,Cape May,34009,65+,All,All,Autism Spectrum Disorders,,,,,
2008-12-31,2008,County,New Jersey,Cumberland,34011,65+,All,All,Autism Spectrum Disorders,,,,,
2008-12-31,2008,County,New Jersey,Essex,34013,65+,All,All,Autism Spectrum Disorders,,,,,
2008-12-31,2008,County,New Jersey,Gloucester,34015,65+,All,All,Autism Spectrum Disorders,,,,,
2008-12-31,2008,County,New Jersey,Hudson,34017,65+,All,All,Autism Spectrum Disorders,,,,,
2008-12-31,2008,County,New Jersey,Hunterdon,34019,65+,All,All,Autism Spectrum Disorders,,,,,
2008-12-31,2008,County,New Jersey,Mercer,34021,65+,All,All,Autism Spectrum Disorders,4.00E-04,10103.535,11554.13429,,
2008-12-31,2008,County,New Jersey,Middlesex,34023,65+,All,All,Autism Spectrum Disorders,,,,,
2008-12-31,2008,County,New Jersey,Monmouth,34025,65+,All,All,Autism Spectrum Disorders,,,,,
2008-12-31,2008,County,New Jersey,Morris,34027,65+,All,All,Autism Spectrum Disorders,,,,,
2008-12-31,2008,County,New Jersey,Ocean,34029,65+,All,All,Autism Spectrum Disorders,,,,,
2008-12-31,2008,County,New Jersey,Passaic,34031,65+,All,All,Autism Spectrum Disorders,,,,,
2008-12-31,2008,County,New Jersey,Salem,34033,65+,All,All,Autism Spectrum Disorders,,,,,
2008-12-31,2008,County,New Jersey,Somerset,34035,65+,All,All,Autism Spectrum Disorders,,,,,
2008-12-31,2008,County,New Jersey,Sussex,34037,65+,All,All,Autism Spectrum Disorders,0,0,0,,
2008-12-31,2008,County,New Jersey,Union,34039,65+,All,All,Autism Spectrum Disorders,,,,,
2008-12-31,2008,County,New Jersey,Unknown,34999,65+,All,All,Autism Spectrum Disorders,,,,,
2008-12-31,2008,County,New Jersey,Warren,34041,65+,All,All,Autism Spectrum Disorders,,,,,
2009-12-31,2009,County,New Jersey,Atlantic,34001,All,All,All,Autism Spectrum Disorders,5.00E-04,11420.40737,12615.80316,,
2009-12-31,2009,County,New Jersey,Bergen,34003,All,All,All,Autism Spectrum Disorders,0.0011,7895.499106,8385.018293,,
2009-12-31,2009,County,New Jersey,Burlington,34005,All,All,All,Autism Spectrum Disorders,0.0026,7162.659702,7968.989179,,
2009-12-31,2009,County,New Jersey,Camden,34007,All,All,All,Autism Spectrum Disorders,9.00E-04,7866.108679,9271.489245,,
2009-12-31,2009,County,New Jersey,Cape May,34009,All,All,All,Autism Spectrum Disorders,0.0052,7414.294327,8013.017692,,
2009-12-31,2009,County,New Jersey,Cumberland,34011,All,All,All,Autism Spectrum Disorders,0.002,15181.07237,17876.0579,,
2009-12-31,2009,County,New Jersey,Essex,34013,All,All,All,Autism Spectrum Disorders,9.00E-04,8697.752113,11414.01662,,
2009-12-31,2009,County,New Jersey,Gloucester,34015,All,All,All,Autism Spectrum Disorders,5.00E-04,6017.634,6344.717333,,
2009-12-31,2009,County,New Jersey,Hudson,34017,All,All,All,Autism Spectrum Disorders,6.00E-04,13811.95938,16666.51813,,
2009-12-31,2009,County,New Jersey,Hunterdon,34019,All,All,All,Autism Spectrum Disorders,0.0087,4838.820992,5551.747786,,
2009-12-31,2009,County,New Jersey,Mercer,34021,All,All,All,Autism Spectrum Disorders,0.0072,7758.378903,8812.507618,,
2009-12-31,2009,County,New Jersey,Middlesex,34023,All,All,All,Autism Spectrum Disorders,0.0014,4982.621967,5605.969016,,
2009-12-31,2009,County,New Jersey,Monmouth,34025,All,All,All,Autism Spectrum Disorders,8.00E-04,6658.317188,7498.904531,,
2009-12-31,2009,County,New Jersey,Morris,34027,All,All,All,Autism Spectrum Disorders,8.00E-04,6605.498511,7476.658085,,
2009-12-31,2009,County,New Jersey,Ocean,34029,All,All,All,Autism Spectrum Disorders,7.00E-04,10049.37933,11520.01667,,
2009-12-31,2009,County,New Jersey,Passaic,34031,All,All,All,Autism Spectrum Disorders,0.001,6760.435,8371.0522,,
2009-12-31,2009,County,New Jersey,Salem,34033,All,All,All,Autism Spectrum Disorders,,,,,
2009-12-31,2009,County,New Jersey,Somerset,34035,All,All,All,Autism Spectrum Disorders,0.0012,7474.994146,8678.730732,,
2009-12-31,2009,County,New Jersey,Sussex,34037,All,All,All,Autism Spectrum Disorders,0.0016,5971.02963,6412.478148,,
2009-12-31,2009,County,New Jersey,Union,34039,All,All,All,Autism Spectrum Disorders,7.00E-04,9455.876342,11514.41024,,
2009-12-31,2009,County,New Jersey,Unknown,34999,All,All,All,Autism Spectrum Disorders,,,,,
2009-12-31,2009,County,New Jersey,Warren,34041,All,All,All,Autism Spectrum Disorders,,,,,
2009-12-31,2009,County,New Jersey,Atlantic,34001,<65,All,All,Autism Spectrum Disorders,,,,,
2009-12-31,2009,County,New Jersey,Bergen,34003,<65,All,All,Autism Spectrum Disorders,0.0111,6240.554505,6215.448919,,
2009-12-31,2009,County,New Jersey,Burlington,34005,<65,All,All,Autism Spectrum Disorders,,,,,
2009-12-31,2009,County,New Jersey,Camden,34007,<65,All,All,Autism Spectrum Disorders,,,,,
2009-12-31,2009,County,New Jersey,Cape May,34009,<65,All,All,Autism Spectrum Disorders,,,,,
2009-12-31,2009,County,New Jersey,Cumberland,34011,<65,All,All,Autism Spectrum Disorders,,,,,
2009-12-31,2009,County,New Jersey,Essex,34013,<65,All,All,Autism Spectrum Disorders,,,,,
2009-12-31,2009,County,New Jersey,Gloucester,34015,<65,All,All,Autism Spectrum Disorders,,,,,
2009-12-31,2009,County,New Jersey,Hudson,34017,<65,All,All,Autism Spectrum Disorders,,,,,
2009-12-31,2009,County,New Jersey,Hunterdon,34019,<65,All,All,Autism Spectrum Disorders,,,,,
2009-12-31,2009,County,New Jersey,Mercer,34021,<65,All,All,Autism Spectrum Disorders,0.0354,7392.049424,8378.428203,,
2009-12-31,2009,County,New Jersey,Middlesex,34023,<65,All,All,Autism Spectrum Disorders,,,,,
2009-12-31,2009,County,New Jersey,Monmouth,34025,<65,All,All,Autism Spectrum Disorders,,,,,
2009-12-31,2009,County,New Jersey,Morris,34027,<65,All,All,Autism Spectrum Disorders,0.0089,6605.498511,7476.658085,,
2009-12-31,2009,County,New Jersey,Ocean,34029,<65,All,All,Autism Spectrum Disorders,,,,,
2009-12-31,2009,County,New Jersey,Passaic,34031,<65,All,All,Autism Spectrum Disorders,,,,,
2009-12-31,2009,County,New Jersey,Salem,34033,<65,All,All,Autism Spectrum Disorders,,,,,
2009-12-31,2009,County,New Jersey,Somerset,34035,<65,All,All,Autism Spectrum Disorders,,,,,
2009-12-31,2009,County,New Jersey,Sussex,34037,<65,All,All,Autism Spectrum Disorders,,,,,
2009-12-31,2009,County,New Jersey,Union,34039,<65,All,All,Autism Spectrum Disorders,,,,,
2009-12-31,2009,County,New Jersey,Unknown,34999,<65,All,All,Autism Spectrum Disorders,,,,,
2009-12-31,2009,County,New Jersey,Warren,34041,<65,All,All,Autism Spectrum Disorders,,,,,
2009-12-31,2009,County,New Jersey,Atlantic,34001,65+,All,All,Autism Spectrum Disorders,,,,,
2009-12-31,2009,County,New Jersey,Bergen,34003,65+,All,All,Autism Spectrum Disorders,1.00E-04,23203.73667,28453.535,,
2009-12-31,2009,County,New Jersey,Burlington,34005,65+,All,All,Autism Spectrum Disorders,,,,,
2009-12-31,2009,County,New Jersey,Camden,34007,65+,All,All,Autism Spectrum Disorders,,,,,
2009-12-31,2009,County,New Jersey,Cape May,34009,65+,All,All,Autism Spectrum Disorders,,,,,
2009-12-31,2009,County,New Jersey,Cumberland,34011,65+,All,All,Autism Spectrum Disorders,,,,,
2009-12-31,2009,County,New Jersey,Essex,34013,65+,All,All,Autism Spectrum Disorders,,,,,
2009-12-31,2009,County,New Jersey,Gloucester,34015,65+,All,All,Autism Spectrum Disorders,,,,,
2009-12-31,2009,County,New Jersey,Hudson,34017,65+,All,All,Autism Spectrum Disorders,,,,,
2009-12-31,2009,County,New Jersey,Hunterdon,34019,65+,All,All,Autism Spectrum Disorders,,,,,
2009-12-31,2009,County,New Jersey,Mercer,34021,65+,All,All,Autism Spectrum Disorders,7.00E-04,12261.17875,14148.06708,,
2009-12-31,2009,County,New Jersey,Middlesex,34023,65+,All,All,Autism Spectrum Disorders,,,,,
2009-12-31,2009,County,New Jersey,Monmouth,34025,65+,All,All,Autism Spectrum Disorders,,,,,
2009-12-31,2009,County,New Jersey,Morris,34027,65+,All,All,Autism Spectrum Disorders,0,0,0,,
2009-12-31,2009,County,New Jersey,Ocean,34029,65+,All,All,Autism Spectrum Disorders,,,,,
2009-12-31,2009,County,New Jersey,Passaic,34031,65+,All,All,Autism Spectrum Disorders,,,,,
2009-12-31,2009,County,New Jersey,Salem,34033,65+,All,All,Autism Spectrum Disorders,,,,,
2009-12-31,2009,County,New Jersey,Somerset,34035,65+,All,All,Autism Spectrum Disorders,,,,,
2009-12-31,2009,County,New Jersey,Sussex,34037,65+,All,All,Autism Spectrum Disorders,,,,,
2009-12-31,2009,County,New Jersey,Union,34039,65+,All,All,Autism Spectrum Disorders,,,,,
2009-12-31,2009,County,New Jersey,Unknown,34999,65+,All,All,Autism Spectrum Disorders,,,,,
2009-12-31,2009,County,New Jersey,Warren,34041,65+,All,All,Autism Spectrum Disorders,,,,,
2010-12-31,2010,County,New Jersey,Atlantic,34001,All,All,All,Autism Spectrum Disorders,6.00E-04,13142.38783,14888.99087,,
2010-12-31,2010,County,New Jersey,Bergen,34003,All,All,All,Autism Spectrum Disorders,0.0011,7247.463657,8616.195299,,
2010-12-31,2010,County,New Jersey,Burlington,34005,All,All,All,Autism Spectrum Disorders,0.0027,6630.106056,7286.504718,,
2010-12-31,2010,County,New Jersey,Camden,34007,All,All,All,Autism Spectrum Disorders,0.0011,7352.827188,8392.069219,,
2010-12-31,2010,County,New Jersey,Cape May,34009,All,All,All,Autism Spectrum Disorders,0.0046,9115.016882,9881.869355,,
2010-12-31,2010,County,New Jersey,Cumberland,34011,All,All,All,Autism Spectrum Disorders,0.0021,12879.0431,14394.6681,,
2010-12-31,2010,County,New Jersey,Essex,34013,All,All,All,Autism Spectrum Disorders,0.0012,8311.361023,10093.88955,,
2010-12-31,2010,County,New Jersey,Gloucester,34015,All,All,All,Autism Spectrum Disorders,5.00E-04,6271.882353,6862.138235,,
2010-12-31,2010,County,New Jersey,Hudson,34017,All,All,All,Autism Spectrum Disorders,8.00E-04,7636.826591,9030.539546,,
2010-12-31,2010,County,New Jersey,Hunterdon,34019,All,All,All,Autism Spectrum Disorders,0.0062,6466.524949,7221.950309,,
2010-12-31,2010,County,New Jersey,Mercer,34021,All,All,All,Autism Spectrum Disorders,0.0083,7396.055053,8303.943201,,
2010-12-31,2010,County,New Jersey,Middlesex,34023,All,All,All,Autism Spectrum Disorders,0.0014,5574.326129,6196.766371,,
2010-12-31,2010,County,New Jersey,Monmouth,34025,All,All,All,Autism Spectrum Disorders,0.001,6802.530385,7598.25,,
2010-12-31,2010,County,New Jersey,Morris,34027,All,All,All,Autism Spectrum Disorders,9.00E-04,10735.7983,12548.20981,,
2010-12-31,2010,County,New Jersey,Ocean,34029,All,All,All,Autism Spectrum Disorders,8.00E-04,7960.52381,9061.770476,,
2010-12-31,2010,County,New Jersey,Passaic,34031,All,All,All,Autism Spectrum Disorders,0.0012,9148.797903,11337.13516,,
2010-12-31,2010,County,New Jersey,Salem,34033,All,All,All,Autism Spectrum Disorders,,,,,
2010-12-31,2010,County,New Jersey,Somerset,34035,All,All,All,Autism Spectrum Disorders,0.0014,7938.226,8762.5176,,
2010-12-31,2010,County,New Jersey,Sussex,34037,All,All,All,Autism Spectrum Disorders,0.0019,11007.80818,12280.56758,,
2010-12-31,2010,County,New Jersey,Union,34039,All,All,All,Autism Spectrum Disorders,9.00E-04,5508.716154,6166.993269,,
2010-12-31,2010,County,New Jersey,Unknown,34999,All,All,All,Autism Spectrum Disorders,,,,,
2010-12-31,2010,County,New Jersey,Warren,34041,All,All,All,Autism Spectrum Disorders,,,,,
2010-12-31,2010,County,New Jersey,Atlantic,34001,<65,All,All,Autism Spectrum Disorders,,,,,
2010-12-31,2010,County,New Jersey,Bergen,34003,<65,All,All,Autism Spectrum Disorders,,,,,
2010-12-31,2010,County,New Jersey,Burlington,34005,<65,All,All,Autism Spectrum Disorders,,,,,
2010-12-31,2010,County,New Jersey,Camden,34007,<65,All,All,Autism Spectrum Disorders,,,,,
2010-12-31,2010,County,New Jersey,Cape May,34009,<65,All,All,Autism Spectrum Disorders,0.0311,8517.092222,9237.207778,,
2010-12-31,2010,County,New Jersey,Cumberland,34011,<65,All,All,Autism Spectrum Disorders,,,,,
2010-12-31,2010,County,New Jersey,Essex,34013,<65,All,All,Autism Spectrum Disorders,,,,,
2010-12-31,2010,County,New Jersey,Gloucester,34015,<65,All,All,Autism Spectrum Disorders,,,,,
2010-12-31,2010,County,New Jersey,Hudson,34017,<65,All,All,Autism Spectrum Disorders,,,,,
2010-12-31,2010,County,New Jersey,Hunterdon,34019,<65,All,All,Autism Spectrum Disorders,,,,,
2010-12-31,2010,County,New Jersey,Mercer,34021,<65,All,All,Autism Spectrum Disorders,0.0402,6499.894613,7298.697077,,
2010-12-31,2010,County,New Jersey,Middlesex,34023,<65,All,All,Autism Spectrum Disorders,,,,,
2010-12-31,2010,County,New Jersey,Monmouth,34025,<65,All,All,Autism Spectrum Disorders,,,,,
2010-12-31,2010,County,New Jersey,Morris,34027,<65,All,All,Autism Spectrum Disorders,,,,,
2010-12-31,2010,County,New Jersey,Ocean,34029,<65,All,All,Autism Spectrum Disorders,,,,,
2010-12-31,2010,County,New Jersey,Passaic,34031,<65,All,All,Autism Spectrum Disorders,,,,,
2010-12-31,2010,County,New Jersey,Salem,34033,<65,All,All,Autism Spectrum Disorders,,,,,
2010-12-31,2010,County,New Jersey,Somerset,34035,<65,All,All,Autism Spectrum Disorders,0.0111,8239.028718,9267.106154,,
2010-12-31,2010,County,New Jersey,Sussex,34037,<65,All,All,Autism Spectrum Disorders,,,,,
2010-12-31,2010,County,New Jersey,Union,34039,<65,All,All,Autism Spectrum Disorders,,,,,
2010-12-31,2010,County,New Jersey,Unknown,34999,<65,All,All,Autism Spectrum Disorders,,,,,
2010-12-31,2010,County,New Jersey,Warren,34041,<65,All,All,Autism Spectrum Disorders,,,,,
2010-12-31,2010,County,New Jersey,Atlantic,34001,65+,All,All,Autism Spectrum Disorders,,,,,
2010-12-31,2010,County,New Jersey,Bergen,34003,65+,All,All,Autism Spectrum Disorders,,,,,
2010-12-31,2010,County,New Jersey,Burlington,34005,65+,All,All,Autism Spectrum Disorders,,,,,
2010-12-31,2010,County,New Jersey,Camden,34007,65+,All,All,Autism Spectrum Disorders,,,,,
2010-12-31,2010,County,New Jersey,Cape May,34009,65+,All,All,Autism Spectrum Disorders,7.00E-04,13151.00833,14233.335,,
2010-12-31,2010,County,New Jersey,Cumberland,34011,65+,All,All,Autism Spectrum Disorders,,,,,
2010-12-31,2010,County,New Jersey,Essex,34013,65+,All,All,Autism Spectrum Disorders,,,,,
2010-12-31,2010,County,New Jersey,Gloucester,34015,65+,All,All,Autism Spectrum Disorders,,,,,
2010-12-31,2010,County,New Jersey,Hudson,34017,65+,All,All,Autism Spectrum Disorders,,,,,
2010-12-31,2010,County,New Jersey,Hunterdon,34019,65+,All,All,Autism Spectrum Disorders,,,,,
2010-12-31,2010,County,New Jersey,Mercer,34021,65+,All,All,Autism Spectrum Disorders,8.00E-04,18180.88241,20401.56035,,
2010-12-31,2010,County,New Jersey,Middlesex,34023,65+,All,All,Autism Spectrum Disorders,,,,,
2010-12-31,2010,County,New Jersey,Monmouth,34025,65+,All,All,Autism Spectrum Disorders,,,,,
2010-12-31,2010,County,New Jersey,Morris,34027,65+,All,All,Autism Spectrum Disorders,,,,,
2010-12-31,2010,County,New Jersey,Ocean,34029,65+,All,All,Autism Spectrum Disorders,,,,,
2010-12-31,2010,County,New Jersey,Passaic,34031,65+,All,All,Autism Spectrum Disorders,,,,,
2010-12-31,2010,County,New Jersey,Salem,34033,65+,All,All,Autism Spectrum Disorders,,,,,
2010-12-31,2010,County,New Jersey,Somerset,34035,65+,All,All,Autism Spectrum Disorders,3.00E-04,6871.743636,6973.521818,,
2010-12-31,2010,County,New Jersey,Sussex,34037,65+,All,All,Autism Spectrum Disorders,,,,,
2010-12-31,2010,County,New Jersey,Union,34039,65+,All,All,Autism Spectrum Disorders,,,,,
2010-12-31,2010,County,New Jersey,Unknown,34999,65+,All,All,Autism Spectrum Disorders,,,,,
2010-12-31,2010,County,New Jersey,Warren,34041,65+,All,All,Autism Spectrum Disorders,,,,,
2011-12-31,2011,County,New Jersey,Atlantic,34001,All,All,All,Autism Spectrum Disorders,9.00E-04,12556.53576,14691.21879,,
2011-12-31,2011,County,New Jersey,Bergen,34003,All,All,All,Autism Spectrum Disorders,0.0013,8499.504189,10545.38899,,
2011-12-31,2011,County,New Jersey,Burlington,34005,All,All,All,Autism Spectrum Disorders,0.0027,6931.277415,7781.010884,,
2011-12-31,2011,County,New Jersey,Camden,34007,All,All,All,Autism Spectrum Disorders,0.0013,11007.4404,12992.40333,,
2011-12-31,2011,County,New Jersey,Cape May,34009,All,All,All,Autism Spectrum Disorders,0.0044,6895.37978,7389.08967,,
2011-12-31,2011,County,New Jersey,Cumberland,34011,All,All,All,Autism Spectrum Disorders,0.0019,27048.82763,31717.54368,,
2011-12-31,2011,County,New Jersey,Essex,34013,All,All,All,Autism Spectrum Disorders,0.0012,9736.047174,12358.33772,,
2011-12-31,2011,County,New Jersey,Gloucester,34015,All,All,All,Autism Spectrum Disorders,7.00E-04,21118.17792,24635.24333,,
2011-12-31,2011,County,New Jersey,Hudson,34017,All,All,All,Autism Spectrum Disorders,0.001,4875.989245,5737.963396,,
2011-12-31,2011,County,New Jersey,Hunterdon,34019,All,All,All,Autism Spectrum Disorders,0.0042,8362.123824,9703.648529,,
2011-12-31,2011,County,New Jersey,Mercer,34021,All,All,All,Autism Spectrum Disorders,0.0094,7806.152171,8787.628037,,
2011-12-31,2011,County,New Jersey,Middlesex,34023,All,All,All,Autism Spectrum Disorders,0.0013,7698.235217,8923.092696,,
2011-12-31,2011,County,New Jersey,Monmouth,34025,All,All,All,Autism Spectrum Disorders,0.0012,10506.47931,11864.06696,,
2011-12-31,2011,County,New Jersey,Morris,34027,All,All,All,Autism Spectrum Disorders,0.0011,9815.931642,11257.00836,,
2011-12-31,2011,County,New Jersey,Ocean,34029,All,All,All,Autism Spectrum Disorders,8.00E-04,8759.129546,9949.043636,,
2011-12-31,2011,County,New Jersey,Passaic,34031,All,All,All,Autism Spectrum Disorders,0.0016,8088.999286,10207.67929,,
2011-12-31,2011,County,New Jersey,Salem,34033,All,All,All,Autism Spectrum Disorders,,,,,
2011-12-31,2011,County,New Jersey,Somerset,34035,All,All,All,Autism Spectrum Disorders,0.0016,8687.744915,9709.081695,,
2011-12-31,2011,County,New Jersey,Sussex,34037,All,All,All,Autism Spectrum Disorders,0.0016,8769.405,9200.432333,,
2011-12-31,2011,County,New Jersey,Union,34039,All,All,All,Autism Spectrum Disorders,0.001,8287.226552,9622.970172,,
2011-12-31,2011,County,New Jersey,Unknown,34999,All,All,All,Autism Spectrum Disorders,,,,,
2011-12-31,2011,County,New Jersey,Warren,34041,All,All,All,Autism Spectrum Disorders,9.00E-04,12920.73133,13672.672,,
2011-12-31,2011,County,New Jersey,Atlantic,34001,<65,All,All,Autism Spectrum Disorders,,,,,
2011-12-31,2011,County,New Jersey,Bergen,34003,<65,All,All,Autism Spectrum Disorders,0.0132,7150.774599,8843.284161,,
2011-12-31,2011,County,New Jersey,Burlington,34005,<65,All,All,Autism Spectrum Disorders,0.0169,5827.256963,6377.776148,,
2011-12-31,2011,County,New Jersey,Camden,34007,<65,All,All,Autism Spectrum Disorders,,,,,
2011-12-31,2011,County,New Jersey,Cape May,34009,<65,All,All,Autism Spectrum Disorders,0.0282,6442.860779,6902.751818,,
2011-12-31,2011,County,New Jersey,Cumberland,34011,<65,All,All,Autism Spectrum Disorders,,,,,
2011-12-31,2011,County,New Jersey,Essex,34013,<65,All,All,Autism Spectrum Disorders,,,,,
2011-12-31,2011,County,New Jersey,Gloucester,34015,<65,All,All,Autism Spectrum Disorders,,,,,
2011-12-31,2011,County,New Jersey,Hudson,34017,<65,All,All,Autism Spectrum Disorders,,,,,
2011-12-31,2011,County,New Jersey,Hunterdon,34019,<65,All,All,Autism Spectrum Disorders,,,,,
2011-12-31,2011,County,New Jersey,Mercer,34021,<65,All,All,Autism Spectrum Disorders,0.0451,7003.050398,7827.629055,,
2011-12-31,2011,County,New Jersey,Middlesex,34023,<65,All,All,Autism Spectrum Disorders,,,,,
2011-12-31,2011,County,New Jersey,Monmouth,34025,<65,All,All,Autism Spectrum Disorders,0.0092,9354.560769,10576.36934,,
2011-12-31,2011,County,New Jersey,Morris,34027,<65,All,All,Autism Spectrum Disorders,,,,,
2011-12-31,2011,County,New Jersey,Ocean,34029,<65,All,All,Autism Spectrum Disorders,,,,,
2011-12-31,2011,County,New Jersey,Passaic,34031,<65,All,All,Autism Spectrum Disorders,,,,,
2011-12-31,2011,County,New Jersey,Salem,34033,<65,All,All,Autism Spectrum Disorders,,,,,
2011-12-31,2011,County,New Jersey,Somerset,34035,<65,All,All,Autism Spectrum Disorders,,,,,
2011-12-31,2011,County,New Jersey,Sussex,34037,<65,All,All,Autism Spectrum Disorders,0.0108,8769.405,9200.432333,,
2011-12-31,2011,County,New Jersey,Union,34039,<65,All,All,Autism Spectrum Disorders,,,,,
2011-12-31,2011,County,New Jersey,Unknown,34999,<65,All,All,Autism Spectrum Disorders,,,,,
2011-12-31,2011,County,New Jersey,Warren,34041,<65,All,All,Autism Spectrum Disorders,,,,,
2011-12-31,2011,County,New Jersey,Atlantic,34001,65+,All,All,Autism Spectrum Disorders,,,,,
2011-12-31,2011,County,New Jersey,Bergen,34003,65+,All,All,Autism Spectrum Disorders,1.00E-04,25297.31818,31744.33091,,
2011-12-31,2011,County,New Jersey,Burlington,34005,65+,All,All,Autism Spectrum Disorders,3.00E-04,19351.5075,23567.40167,,
2011-12-31,2011,County,New Jersey,Camden,34007,65+,All,All,Autism Spectrum Disorders,,,,,
2011-12-31,2011,County,New Jersey,Cape May,34009,65+,All,All,Autism Spectrum Disorders,8.00E-04,9384.234286,10063.94786,,
2011-12-31,2011,County,New Jersey,Cumberland,34011,65+,All,All,Autism Spectrum Disorders,,,,,
2011-12-31,2011,County,New Jersey,Essex,34013,65+,All,All,Autism Spectrum Disorders,,,,,
2011-12-31,2011,County,New Jersey,Gloucester,34015,65+,All,All,Autism Spectrum Disorders,,,,,
2011-12-31,2011,County,New Jersey,Hudson,34017,65+,All,All,Autism Spectrum Disorders,,,,,
2011-12-31,2011,County,New Jersey,Hunterdon,34019,65+,All,All,Autism Spectrum Disorders,,,,,
2011-12-31,2011,County,New Jersey,Mercer,34021,65+,All,All,Autism Spectrum Disorders,8.00E-04,18220.56871,21236.6471,,
2011-12-31,2011,County,New Jersey,Middlesex,34023,65+,All,All,Autism Spectrum Disorders,,,,,
2011-12-31,2011,County,New Jersey,Monmouth,34025,65+,All,All,Autism Spectrum Disorders,2.00E-04,20035.98727,22516.83818,,
2011-12-31,2011,County,New Jersey,Morris,34027,65+,All,All,Autism Spectrum Disorders,,,,,
2011-12-31,2011,County,New Jersey,Ocean,34029,65+,All,All,Autism Spectrum Disorders,,,,,
2011-12-31,2011,County,New Jersey,Passaic,34031,65+,All,All,Autism Spectrum Disorders,,,,,
2011-12-31,2011,County,New Jersey,Salem,34033,65+,All,All,Autism Spectrum Disorders,,,,,
2011-12-31,2011,County,New Jersey,Somerset,34035,65+,All,All,Autism Spectrum Disorders,,,,,
2011-12-31,2011,County,New Jersey,Sussex,34037,65+,All,All,Autism Spectrum Disorders,0,0,0,,
2011-12-31,2011,County,New Jersey,Union,34039,65+,All,All,Autism Spectrum Disorders,,,,,
2011-12-31,2011,County,New Jersey,Unknown,34999,65+,All,All,Autism Spectrum Disorders,,,,,
2011-12-31,2011,County,New Jersey,Warren,34041,65+,All,All,Autism Spectrum Disorders,,,,,
2012-12-31,2012,County,New Jersey,Atlantic,34001,All,All,All,Autism Spectrum Disorders,0.0011,11965.75786,13590.16548,,
2012-12-31,2012,County,New Jersey,Bergen,34003,All,All,All,Autism Spectrum Disorders,0.0014,7380.84913,8496.88441,,
2012-12-31,2012,County,New Jersey,Burlington,34005,All,All,All,Autism Spectrum Disorders,0.0027,7397.4406,8157.998267,,
2012-12-31,2012,County,New Jersey,Camden,34007,All,All,All,Autism Spectrum Disorders,0.0013,6928.416364,7852.542857,,
2012-12-31,2012,County,New Jersey,Cape May,34009,All,All,All,Autism Spectrum Disorders,0.0062,12150.23946,13294.5255,,
2012-12-31,2012,County,New Jersey,Cumberland,34011,All,All,All,Autism Spectrum Disorders,0.0017,19375.46857,23610.982,,
2012-12-31,2012,County,New Jersey,Essex,34013,All,All,All,Autism Spectrum Disorders,0.0012,5531.924773,6531.517046,,
2012-12-31,2012,County,New Jersey,Gloucester,34015,All,All,All,Autism Spectrum Disorders,9.00E-04,9119.844138,9919.485517,,
2012-12-31,2012,County,New Jersey,Hudson,34017,All,All,All,Autism Spectrum Disorders,0.0011,5933.776793,7168.701698,,
2012-12-31,2012,County,New Jersey,Hunterdon,34019,All,All,All,Autism Spectrum Disorders,0.0046,10196.73221,11446.57364,,
2012-12-31,2012,County,New Jersey,Mercer,34021,All,All,All,Autism Spectrum Disorders,0.0097,7412.814156,8180.137533,,
2012-12-31,2012,County,New Jersey,Middlesex,34023,All,All,All,Autism Spectrum Disorders,0.0014,9809.044841,10838.50357,,
2012-12-31,2012,County,New Jersey,Monmouth,34025,All,All,All,Autism Spectrum Disorders,0.0013,9887.595094,11795.27604,,
2012-12-31,2012,County,New Jersey,Morris,34027,All,All,All,Autism Spectrum Disorders,0.0014,11641.45852,13442.02318,,
2012-12-31,2012,County,New Jersey,Ocean,34029,All,All,All,Autism Spectrum Disorders,0.001,11518.2722,12676.81275,,
2012-12-31,2012,County,New Jersey,Passaic,34031,All,All,All,Autism Spectrum Disorders,0.0017,11018.33523,13936.36011,,
2012-12-31,2012,County,New Jersey,Salem,34033,All,All,All,Autism Spectrum Disorders,,,,,
2012-12-31,2012,County,New Jersey,Somerset,34035,All,All,All,Autism Spectrum Disorders,0.0014,7294.617692,8309.523654,,
2012-12-31,2012,County,New Jersey,Sussex,34037,All,All,All,Autism Spectrum Disorders,0.0017,9647.091563,9904.785,,
2012-12-31,2012,County,New Jersey,Union,34039,All,All,All,Autism Spectrum Disorders,0.0012,12645.52031,14564.10323,,
2012-12-31,2012,County,New Jersey,Unknown,34999,All,All,All,Autism Spectrum Disorders,,,,,
2012-12-31,2012,County,New Jersey,Warren,34041,All,All,All,Autism Spectrum Disorders,0.0013,8893.020952,9066.380476,,
2012-12-31,2012,County,New Jersey,Atlantic,34001,<65,All,All,Autism Spectrum Disorders,,,,,
2012-12-31,2012,County,New Jersey,Bergen,34003,<65,All,All,Autism Spectrum Disorders,,,,,
2012-12-31,2012,County,New Jersey,Burlington,34005,<65,All,All,Autism Spectrum Disorders,0.0169,7177.015882,7855.521985,,
2012-12-31,2012,County,New Jersey,Camden,34007,<65,All,All,Autism Spectrum Disorders,,,,,
2012-12-31,2012,County,New Jersey,Cape May,34009,<65,All,All,Autism Spectrum Disorders,0.0403,11891.85232,13027.02833,,
2012-12-31,2012,County,New Jersey,Cumberland,34011,<65,All,All,Autism Spectrum Disorders,,,,,
2012-12-31,2012,County,New Jersey,Essex,34013,<65,All,All,Autism Spectrum Disorders,,,,,
2012-12-31,2012,County,New Jersey,Gloucester,34015,<65,All,All,Autism Spectrum Disorders,,,,,
2012-12-31,2012,County,New Jersey,Hudson,34017,<65,All,All,Autism Spectrum Disorders,,,,,
2012-12-31,2012,County,New Jersey,Hunterdon,34019,<65,All,All,Autism Spectrum Disorders,,,,,
2012-12-31,2012,County,New Jersey,Mercer,34021,<65,All,All,Autism Spectrum Disorders,0.0475,6731.719223,7416.585947,,
2012-12-31,2012,County,New Jersey,Middlesex,34023,<65,All,All,Autism Spectrum Disorders,,,,,
2012-12-31,2012,County,New Jersey,Monmouth,34025,<65,All,All,Autism Spectrum Disorders,0.0098,9683.020421,11655.004,,
2012-12-31,2012,County,New Jersey,Morris,34027,<65,All,All,Autism Spectrum Disorders,,,,,
2012-12-31,2012,County,New Jersey,Ocean,34029,<65,All,All,Autism Spectrum Disorders,,,,,
2012-12-31,2012,County,New Jersey,Passaic,34031,<65,All,All,Autism Spectrum Disorders,0.01,11767.40453,14977.01093,,
2012-12-31,2012,County,New Jersey,Salem,34033,<65,All,All,Autism Spectrum Disorders,,,,,
2012-12-31,2012,County,New Jersey,Somerset,34035,<65,All,All,Autism Spectrum Disorders,,,,,
2012-12-31,2012,County,New Jersey,Sussex,34037,<65,All,All,Autism Spectrum Disorders,0.0117,9647.091563,9904.785,,
2012-12-31,2012,County,New Jersey,Union,34039,<65,All,All,Autism Spectrum Disorders,,,,,
2012-12-31,2012,County,New Jersey,Unknown,34999,<65,All,All,Autism Spectrum Disorders,,,,,
2012-12-31,2012,County,New Jersey,Warren,34041,<65,All,All,Autism Spectrum Disorders,,,,,
2012-12-31,2012,County,New Jersey,Atlantic,34001,65+,All,All,Autism Spectrum Disorders,,,,,
2012-12-31,2012,County,New Jersey,Bergen,34003,65+,All,All,Autism Spectrum Disorders,,,,,
2012-12-31,2012,County,New Jersey,Burlington,34005,65+,All,All,Autism Spectrum Disorders,3.00E-04,9538.709286,11096.33929,,
2012-12-31,2012,County,New Jersey,Camden,34007,65+,All,All,Autism Spectrum Disorders,,,,,
2012-12-31,2012,County,New Jersey,Cape May,34009,65+,All,All,Autism Spectrum Disorders,0.0012,13479.08762,14670.22524,,
2012-12-31,2012,County,New Jersey,Cumberland,34011,65+,All,All,Autism Spectrum Disorders,,,,,
2012-12-31,2012,County,New Jersey,Essex,34013,65+,All,All,Autism Spectrum Disorders,,,,,
2012-12-31,2012,County,New Jersey,Gloucester,34015,65+,All,All,Autism Spectrum Disorders,,,,,
2012-12-31,2012,County,New Jersey,Hudson,34017,65+,All,All,Autism Spectrum Disorders,,,,,
2012-12-31,2012,County,New Jersey,Hunterdon,34019,65+,All,All,Autism Spectrum Disorders,,,,,
2012-12-31,2012,County,New Jersey,Mercer,34021,65+,All,All,Autism Spectrum Disorders,0.001,14797.31711,16458.64421,,
2012-12-31,2012,County,New Jersey,Middlesex,34023,65+,All,All,Autism Spectrum Disorders,,,,,
2012-12-31,2012,County,New Jersey,Monmouth,34025,65+,All,All,Autism Spectrum Disorders,1.00E-04,11654.37636,13006.71636,,
2012-12-31,2012,County,New Jersey,Morris,34027,65+,All,All,Autism Spectrum Disorders,,,,,
2012-12-31,2012,County,New Jersey,Ocean,34029,65+,All,All,Autism Spectrum Disorders,,,,,
2012-12-31,2012,County,New Jersey,Passaic,34031,65+,All,All,Autism Spectrum Disorders,3.00E-04,6696.781539,7932.605385,,
2012-12-31,2012,County,New Jersey,Salem,34033,65+,All,All,Autism Spectrum Disorders,,,,,
2012-12-31,2012,County,New Jersey,Somerset,34035,65+,All,All,Autism Spectrum Disorders,,,,,
2012-12-31,2012,County,New Jersey,Sussex,34037,65+,All,All,Autism Spectrum Disorders,0,0,0,,
2012-12-31,2012,County,New Jersey,Union,34039,65+,All,All,Autism Spectrum Disorders,,,,,
2012-12-31,2012,County,New Jersey,Unknown,34999,65+,All,All,Autism Spectrum Disorders,,,,,
2012-12-31,2012,County,New Jersey,Warren,34041,65+,All,All,Autism Spectrum Disorders,,,,,
2013-12-31,2013,County,New Jersey,Atlantic,34001,All,All,All,Autism Spectrum Disorders,0.0011,14470.36444,15745.13911,,
2013-12-31,2013,County,New Jersey,Bergen,34003,All,All,All,Autism Spectrum Disorders,0.0014,9250.716485,10985.64687,,
2013-12-31,2013,County,New Jersey,Burlington,34005,All,All,All,Autism Spectrum Disorders,0.0027,7130.542323,7521.261419,,
2013-12-31,2013,County,New Jersey,Camden,34007,All,All,All,Autism Spectrum Disorders,0.0015,7066.819775,7999.613596,,
2013-12-31,2013,County,New Jersey,Cape May,34009,All,All,All,Autism Spectrum Disorders,0.0058,11292.51172,12552.65674,,
2013-12-31,2013,County,New Jersey,Cumberland,34011,All,All,All,Autism Spectrum Disorders,0.0024,8956.502708,10698.29958,,
2013-12-31,2013,County,New Jersey,Essex,34013,All,All,All,Autism Spectrum Disorders,0.0014,8182.630588,9420.690043,,
2013-12-31,2013,County,New Jersey,Gloucester,34015,All,All,All,Autism Spectrum Disorders,0.0011,28785.22539,31427.8641,,
2013-12-31,2013,County,New Jersey,Hudson,34017,All,All,All,Autism Spectrum Disorders,0.001,6012.856383,7486.958511,,
2013-12-31,2013,County,New Jersey,Hunterdon,34019,All,All,All,Autism Spectrum Disorders,0.0052,8135.737333,8780.03194,,
2013-12-31,2013,County,New Jersey,Mercer,34021,All,All,All,Autism Spectrum Disorders,0.011,8929.867893,9695.648329,,
2013-12-31,2013,County,New Jersey,Middlesex,34023,All,All,All,Autism Spectrum Disorders,0.0015,10836.6297,12114.5472,,
2013-12-31,2013,County,New Jersey,Monmouth,34025,All,All,All,Autism Spectrum Disorders,0.0014,10870.48802,12328.36788,,
2013-12-31,2013,County,New Jersey,Morris,34027,All,All,All,Autism Spectrum Disorders,0.0018,9402.252564,10419.27462,,
2013-12-31,2013,County,New Jersey,Ocean,34029,All,All,All,Autism Spectrum Disorders,0.0011,13058.2415,13779.44927,,
2013-12-31,2013,County,New Jersey,Passaic,34031,All,All,All,Autism Spectrum Disorders,0.0017,9813.957802,12359.14011,,
2013-12-31,2013,County,New Jersey,Salem,34033,All,All,All,Autism Spectrum Disorders,,,,,
2013-12-31,2013,County,New Jersey,Somerset,34035,All,All,All,Autism Spectrum Disorders,0.0016,13774.60984,15109.0739,,
2013-12-31,2013,County,New Jersey,Sussex,34037,All,All,All,Autism Spectrum Disorders,0.0019,6810.318947,7278.505137,,
2013-12-31,2013,County,New Jersey,Union,34039,All,All,All,Autism Spectrum Disorders,0.0013,9231.210845,10167.74797,,
2013-12-31,2013,County,New Jersey,Unknown,34999,All,All,All,Autism Spectrum Disorders,,,,,
2013-12-31,2013,County,New Jersey,Warren,34041,All,All,All,Autism Spectrum Disorders,0.0013,14021.98714,16242.14429,,
2013-12-31,2013,County,New Jersey,Atlantic,34001,<65,All,All,Autism Spectrum Disorders,,,,,
2013-12-31,2013,County,New Jersey,Bergen,34003,<65,All,All,Autism Spectrum Disorders,0.0148,7399.992381,8519.49275,,
2013-12-31,2013,County,New Jersey,Burlington,34005,<65,All,All,Autism Spectrum Disorders,0.0172,6277.860638,6659.491631,,
2013-12-31,2013,County,New Jersey,Camden,34007,<65,All,All,Autism Spectrum Disorders,,,,,
2013-12-31,2013,County,New Jersey,Cape May,34009,<65,All,All,Autism Spectrum Disorders,0.0378,9597.8006,10549.15133,,
2013-12-31,2013,County,New Jersey,Cumberland,34011,<65,All,All,Autism Spectrum Disorders,,,,,
2013-12-31,2013,County,New Jersey,Essex,34013,<65,All,All,Autism Spectrum Disorders,,,,,
2013-12-31,2013,County,New Jersey,Gloucester,34015,<65,All,All,Autism Spectrum Disorders,,,,,
2013-12-31,2013,County,New Jersey,Hudson,34017,<65,All,All,Autism Spectrum Disorders,,,,,
2013-12-31,2013,County,New Jersey,Hunterdon,34019,<65,All,All,Autism Spectrum Disorders,,,,,
2013-12-31,2013,County,New Jersey,Mercer,34021,<65,All,All,Autism Spectrum Disorders,0.0551,8247.400043,8966.05838,,
2013-12-31,2013,County,New Jersey,Middlesex,34023,<65,All,All,Autism Spectrum Disorders,,,,,
2013-12-31,2013,County,New Jersey,Monmouth,34025,<65,All,All,Autism Spectrum Disorders,,,,,
2013-12-31,2013,County,New Jersey,Morris,34027,<65,All,All,Autism Spectrum Disorders,0.0194,8589.063714,9415.917238,,
2013-12-31,2013,County,New Jersey,Ocean,34029,<65,All,All,Autism Spectrum Disorders,,,,,
2013-12-31,2013,County,New Jersey,Passaic,34031,<65,All,All,Autism Spectrum Disorders,,,,,
2013-12-31,2013,County,New Jersey,Salem,34033,<65,All,All,Autism Spectrum Disorders,,,,,
2013-12-31,2013,County,New Jersey,Somerset,34035,<65,All,All,Autism Spectrum Disorders,,,,,
2013-12-31,2013,County,New Jersey,Sussex,34037,<65,All,All,Autism Spectrum Disorders,,,,,
2013-12-31,2013,County,New Jersey,Union,34039,<65,All,All,Autism Spectrum Disorders,,,,,
2013-12-31,2013,County,New Jersey,Unknown,34999,<65,All,All,Autism Spectrum Disorders,,,,,
2013-12-31,2013,County,New Jersey,Warren,34041,<65,All,All,Autism Spectrum Disorders,,,,,
2013-12-31,2013,County,New Jersey,Atlantic,34001,65+,All,All,Autism Spectrum Disorders,,,,,
2013-12-31,2013,County,New Jersey,Bergen,34003,65+,All,All,Autism Spectrum Disorders,2.00E-04,24364.96333,31125.90556,,
2013-12-31,2013,County,New Jersey,Burlington,34005,65+,All,All,Autism Spectrum Disorders,3.00E-04,15718.265,16200.51429,,
2013-12-31,2013,County,New Jersey,Camden,34007,65+,All,All,Autism Spectrum Disorders,,,,,
2013-12-31,2013,County,New Jersey,Cape May,34009,65+,All,All,Autism Spectrum Disorders,0.0012,18995.74409,21659.49955,,
2013-12-31,2013,County,New Jersey,Cumberland,34011,65+,All,All,Autism Spectrum Disorders,,,,,
2013-12-31,2013,County,New Jersey,Essex,34013,65+,All,All,Autism Spectrum Disorders,,,,,
2013-12-31,2013,County,New Jersey,Gloucester,34015,65+,All,All,Autism Spectrum Disorders,,,,,
2013-12-31,2013,County,New Jersey,Hudson,34017,65+,All,All,Autism Spectrum Disorders,,,,,
2013-12-31,2013,County,New Jersey,Hunterdon,34019,65+,All,All,Autism Spectrum Disorders,,,,,
2013-12-31,2013,County,New Jersey,Mercer,34021,65+,All,All,Autism Spectrum Disorders,0.001,17782.9925,19160.05128,,
2013-12-31,2013,County,New Jersey,Middlesex,34023,65+,All,All,Autism Spectrum Disorders,,,,,
2013-12-31,2013,County,New Jersey,Monmouth,34025,65+,All,All,Autism Spectrum Disorders,,,,,
2013-12-31,2013,County,New Jersey,Morris,34027,65+,All,All,Autism Spectrum Disorders,2.00E-04,16517.655,19198.65167,,
2013-12-31,2013,County,New Jersey,Ocean,34029,65+,All,All,Autism Spectrum Disorders,,,,,
2013-12-31,2013,County,New Jersey,Passaic,34031,65+,All,All,Autism Spectrum Disorders,,,,,
2013-12-31,2013,County,New Jersey,Salem,34033,65+,All,All,Autism Spectrum Disorders,,,,,
2013-12-31,2013,County,New Jersey,Somerset,34035,65+,All,All,Autism Spectrum Disorders,,,,,
2013-12-31,2013,County,New Jersey,Sussex,34037,65+,All,All,Autism Spectrum Disorders,,,,,
2013-12-31,2013,County,New Jersey,Union,34039,65+,All,All,Autism Spectrum Disorders,,,,,
2013-12-31,2013,County,New Jersey,Unknown,34999,65+,All,All,Autism Spectrum Disorders,,,,,
2013-12-31,2013,County,New Jersey,Warren,34041,65+,All,All,Autism Spectrum Disorders,,,,,
2014-12-31,2014,County,New Jersey,Atlantic,34001,All,All,All,Autism Spectrum Disorders,0.0018,11699.07325,13544.49295,,
2014-12-31,2014,County,New Jersey,Bergen,34003,All,All,All,Autism Spectrum Disorders,0.0015,9112.23442,10430.88392,,
2014-12-31,2014,County,New Jersey,Burlington,34005,All,All,All,Autism Spectrum Disorders,0.0032,7744.488404,8775.986017,,
2014-12-31,2014,County,New Jersey,Camden,34007,All,All,All,Autism Spectrum Disorders,0.0018,10417.60513,11819.92673,,
2014-12-31,2014,County,New Jersey,Cape May,34009,All,All,All,Autism Spectrum Disorders,0.0058,6945.378968,7628.193565,,
2014-12-31,2014,County,New Jersey,Cumberland,34011,All,All,All,Autism Spectrum Disorders,0.0045,8026.383298,9898.397766,,
2014-12-31,2014,County,New Jersey,Essex,34013,All,All,All,Autism Spectrum Disorders,0.002,6869.60223,8304.381084,,
2014-12-31,2014,County,New Jersey,Gloucester,34015,All,All,All,Autism Spectrum Disorders,0.0012,7442.178182,7948.299318,,
2014-12-31,2014,County,New Jersey,Hudson,34017,All,All,All,Autism Spectrum Disorders,0.0014,7383.061714,9285.461726,,
2014-12-31,2014,County,New Jersey,Hunterdon,34019,All,All,All,Autism Spectrum Disorders,0.0062,12225.14955,13803.29378,,
2014-12-31,2014,County,New Jersey,Mercer,34021,All,All,All,Autism Spectrum Disorders,0.0104,7482.745194,8468.647229,,
2014-12-31,2014,County,New Jersey,Middlesex,34023,All,All,All,Autism Spectrum Disorders,0.0015,5713.881241,6738.555766,,
2014-12-31,2014,County,New Jersey,Monmouth,34025,All,All,All,Autism Spectrum Disorders,0.0015,8350.682164,9786.445916,,
2014-12-31,2014,County,New Jersey,Morris,34027,All,All,All,Autism Spectrum Disorders,0.0018,9535.992521,11672.15555,,
2014-12-31,2014,County,New Jersey,Ocean,34029,All,All,All,Autism Spectrum Disorders,0.0013,9473.933973,10203.93658,,
2014-12-31,2014,County,New Jersey,Passaic,34031,All,All,All,Autism Spectrum Disorders,0.0017,9523.192556,11989.63722,,
2014-12-31,2014,County,New Jersey,Salem,34033,All,All,All,Autism Spectrum Disorders,,,,,
2014-12-31,2014,County,New Jersey,Somerset,34035,All,All,All,Autism Spectrum Disorders,0.0019,7419.219054,8390.187919,,
2014-12-31,2014,County,New Jersey,Sussex,34037,All,All,All,Autism Spectrum Disorders,0.0018,4459.351892,4828.45973,,
2014-12-31,2014,County,New Jersey,Union,34039,All,All,All,Autism Spectrum Disorders,0.0015,10355.00465,11761.81748,,
2014-12-31,2014,County,New Jersey,Unknown,34999,All,All,All,Autism Spectrum Disorders,,,,,
2014-12-31,2014,County,New Jersey,Warren,34041,All,All,All,Autism Spectrum Disorders,0.0016,6091.665769,6582.622692,,
2014-12-31,2014,County,New Jersey,Atlantic,34001,<65,All,All,Autism Spectrum Disorders,,,,,
2014-12-31,2014,County,New Jersey,Bergen,34003,<65,All,All,Autism Spectrum Disorders,0.0164,6706.379461,7327.782814,,
2014-12-31,2014,County,New Jersey,Burlington,34005,<65,All,All,Autism Spectrum Disorders,0.0194,6706.400355,7634.132729,,
2014-12-31,2014,County,New Jersey,Camden,34007,<65,All,All,Autism Spectrum Disorders,0.0085,9277.387212,10490.8734,,
2014-12-31,2014,County,New Jersey,Cape May,34009,<65,All,All,Autism Spectrum Disorders,0.0396,6645.30963,7290.755363,,
2014-12-31,2014,County,New Jersey,Cumberland,34011,<65,All,All,Autism Spectrum Disorders,0.0183,7397.184096,9137.651807,,
2014-12-31,2014,County,New Jersey,Essex,34013,<65,All,All,Autism Spectrum Disorders,,,,,
2014-12-31,2014,County,New Jersey,Gloucester,34015,<65,All,All,Autism Spectrum Disorders,,,,,
2014-12-31,2014,County,New Jersey,Hudson,34017,<65,All,All,Autism Spectrum Disorders,,,,,
2014-12-31,2014,County,New Jersey,Hunterdon,34019,<65,All,All,Autism Spectrum Disorders,,,,,
2014-12-31,2014,County,New Jersey,Mercer,34021,<65,All,All,Autism Spectrum Disorders,0.0512,6381.46925,7241.134921,,
2014-12-31,2014,County,New Jersey,Middlesex,34023,<65,All,All,Autism Spectrum Disorders,0.011,5553.471667,6603.511905,,
2014-12-31,2014,County,New Jersey,Monmouth,34025,<65,All,All,Autism Spectrum Disorders,0.0119,6885.374754,7933.431662,,
2014-12-31,2014,County,New Jersey,Morris,34027,<65,All,All,Autism Spectrum Disorders,0.0196,8503.901122,10455.24608,,
2014-12-31,2014,County,New Jersey,Ocean,34029,<65,All,All,Autism Spectrum Disorders,,,,,
2014-12-31,2014,County,New Jersey,Passaic,34031,<65,All,All,Autism Spectrum Disorders,,,,,
2014-12-31,2014,County,New Jersey,Salem,34033,<65,All,All,Autism Spectrum Disorders,,,,,
2014-12-31,2014,County,New Jersey,Somerset,34035,<65,All,All,Autism Spectrum Disorders,0.0167,5827.320968,6674.051258,,
2014-12-31,2014,County,New Jersey,Sussex,34037,<65,All,All,Autism Spectrum Disorders,,,,,
2014-12-31,2014,County,New Jersey,Union,34039,<65,All,All,Autism Spectrum Disorders,0.0098,8911.155733,10048.20791,,
2014-12-31,2014,County,New Jersey,Unknown,34999,<65,All,All,Autism Spectrum Disorders,,,,,
2014-12-31,2014,County,New Jersey,Warren,34041,<65,All,All,Autism Spectrum Disorders,,,,,
2014-12-31,2014,County,New Jersey,Atlantic,34001,65+,All,All,Autism Spectrum Disorders,,,,,
2014-12-31,2014,County,New Jersey,Bergen,34003,65+,All,All,Autism Spectrum Disorders,1.00E-04,37810.64714,47446.44714,,
2014-12-31,2014,County,New Jersey,Burlington,34005,65+,All,All,Autism Spectrum Disorders,4.00E-04,16978.00842,18932.47053,,
2014-12-31,2014,County,New Jersey,Camden,34007,65+,All,All,Autism Spectrum Disorders,2.00E-04,21197.84727,24385.52182,,
2014-12-31,2014,County,New Jersey,Cape May,34009,65+,All,All,Autism Spectrum Disorders,0.001,8745.795,9652.822778,,
2014-12-31,2014,County,New Jersey,Cumberland,34011,65+,All,All,Autism Spectrum Disorders,7.00E-04,12773.97727,15638.57182,,
2014-12-31,2014,County,New Jersey,Essex,34013,65+,All,All,Autism Spectrum Disorders,,,,,
2014-12-31,2014,County,New Jersey,Gloucester,34015,65+,All,All,Autism Spectrum Disorders,,,,,
2014-12-31,2014,County,New Jersey,Hudson,34017,65+,All,All,Autism Spectrum Disorders,,,,,
2014-12-31,2014,County,New Jersey,Hunterdon,34019,65+,All,All,Autism Spectrum Disorders,,,,,
2014-12-31,2014,County,New Jersey,Mercer,34021,65+,All,All,Autism Spectrum Disorders,0.0013,17371.75367,19491.20674,,
2014-12-31,2014,County,New Jersey,Middlesex,34023,65+,All,All,Autism Spectrum Disorders,1.00E-04,7551.3,8285.421818,,
2014-12-31,2014,County,New Jersey,Monmouth,34025,65+,All,All,Autism Spectrum Disorders,2.00E-04,23247.97417,28625.42417,,
2014-12-31,2014,County,New Jersey,Morris,34027,65+,All,All,Autism Spectrum Disorders,2.00E-04,18738.8075,22522.93167,,
2014-12-31,2014,County,New Jersey,Ocean,34029,65+,All,All,Autism Spectrum Disorders,,,,,
2014-12-31,2014,County,New Jersey,Passaic,34031,65+,All,All,Autism Spectrum Disorders,,,,,
2014-12-31,2014,County,New Jersey,Salem,34033,65+,All,All,Autism Spectrum Disorders,,,,,
2014-12-31,2014,County,New Jersey,Somerset,34035,65+,All,All,Autism Spectrum Disorders,3.00E-04,15644.02583,17256.894,,
2014-12-31,2014,County,New Jersey,Sussex,34037,65+,All,All,Autism Spectrum Disorders,,,,,
2014-12-31,2014,County,New Jersey,Union,34039,65+,All,All,Autism Spectrum Disorders,2.00E-04,20199.42909,23445.51909,,
2014-12-31,2014,County,New Jersey,Unknown,34999,65+,All,All,Autism Spectrum Disorders,,,,,
2014-12-31,2014,County,New Jersey,Warren,34041,65+,All,All,Autism Spectrum Disorders,,,,,
2015-12-31,2015,County,New Jersey,Atlantic,34001,All,All,All,Autism Spectrum Disorders,0.0021,9382.110426,10901.97299,,
2015-12-31,2015,County,New Jersey,Bergen,34003,All,All,All,Autism Spectrum Disorders,0.0018,10242.21846,12681.66751,,
2015-12-31,2015,County,New Jersey,Burlington,34005,All,All,All,Autism Spectrum Disorders,0.0037,8406.966489,9218.481432,,
2015-12-31,2015,County,New Jersey,Camden,34007,All,All,All,Autism Spectrum Disorders,0.0022,8008.422,8808.086389,,
2015-12-31,2015,County,New Jersey,Cape May,34009,All,All,All,Autism Spectrum Disorders,0.0059,7015.469313,7600.931669,,
2015-12-31,2015,County,New Jersey,Cumberland,34011,All,All,All,Autism Spectrum Disorders,0.0046,7924.332424,9557.644647,,
2015-12-31,2015,County,New Jersey,Essex,34013,All,All,All,Autism Spectrum Disorders,0.0023,9706.630114,12037.85928,,
2015-12-31,2015,County,New Jersey,Gloucester,34015,All,All,All,Autism Spectrum Disorders,0.0018,9952.718235,11675.71971,,
2015-12-31,2015,County,New Jersey,Hudson,34017,All,All,All,Autism Spectrum Disorders,0.0014,4946.816056,6427.339578,,
2015-12-31,2015,County,New Jersey,Hunterdon,34019,All,All,All,Autism Spectrum Disorders,0.0073,10711.05274,12376.2952,,
2015-12-31,2015,County,New Jersey,Mercer,34021,All,All,All,Autism Spectrum Disorders,0.0076,8326.714861,9412.82102,,
2015-12-31,2015,County,New Jersey,Middlesex,34023,All,All,All,Autism Spectrum Disorders,0.0018,6714.947091,7881.980793,,
2015-12-31,2015,County,New Jersey,Monmouth,34025,All,All,All,Autism Spectrum Disorders,0.002,10364.46885,12108.40716,,
2015-12-31,2015,County,New Jersey,Morris,34027,All,All,All,Autism Spectrum Disorders,0.002,10555.80955,12308.22997,,
2015-12-31,2015,County,New Jersey,Ocean,34029,All,All,All,Autism Spectrum Disorders,0.0019,13833.84234,15879.46435,,
2015-12-31,2015,County,New Jersey,Passaic,34031,All,All,All,Autism Spectrum Disorders,0.0019,13195.25752,16135.12355,,
2015-12-31,2015,County,New Jersey,Salem,34033,All,All,All,Autism Spectrum Disorders,,,,,
2015-12-31,2015,County,New Jersey,Somerset,34035,All,All,All,Autism Spectrum Disorders,0.0028,11920.80246,13694.93599,,
2015-12-31,2015,County,New Jersey,Sussex,34037,All,All,All,Autism Spectrum Disorders,0.0033,6755.766143,7623.312143,,
2015-12-31,2015,County,New Jersey,Union,34039,All,All,All,Autism Spectrum Disorders,0.002,11436.12051,12944.03247,,
2015-12-31,2015,County,New Jersey,Unknown,34999,All,All,All,Autism Spectrum Disorders,,,,,
2015-12-31,2015,County,New Jersey,Warren,34041,All,All,All,Autism Spectrum Disorders,0.0018,12167.47452,13308.25226,,
2015-12-31,2015,County,New Jersey,Atlantic,34001,<65,All,All,Autism Spectrum Disorders,,,,,
2015-12-31,2015,County,New Jersey,Bergen,34003,<65,All,All,Autism Spectrum Disorders,0.0195,8196.3801,10146.77621,,
2015-12-31,2015,County,New Jersey,Burlington,34005,<65,All,All,Autism Spectrum Disorders,0.0221,5651.933663,6206.67313,,
2015-12-31,2015,County,New Jersey,Camden,34007,<65,All,All,Autism Spectrum Disorders,,,,,
2015-12-31,2015,County,New Jersey,Cape May,34009,<65,All,All,Autism Spectrum Disorders,0.0398,6796.317895,7361.776235,,
2015-12-31,2015,County,New Jersey,Cumberland,34011,<65,All,All,Autism Spectrum Disorders,0.0178,7290.648256,8736.286279,,
2015-12-31,2015,County,New Jersey,Essex,34013,<65,All,All,Autism Spectrum Disorders,0.0131,6973.919313,8618.397958,,
2015-12-31,2015,County,New Jersey,Gloucester,34015,<65,All,All,Autism Spectrum Disorders,,,,,
2015-12-31,2015,County,New Jersey,Hudson,34017,<65,All,All,Autism Spectrum Disorders,,,,,
2015-12-31,2015,County,New Jersey,Hunterdon,34019,<65,All,All,Autism Spectrum Disorders,0.0638,9587.553884,11060.39424,,
2015-12-31,2015,County,New Jersey,Mercer,34021,<65,All,All,Autism Spectrum Disorders,0.0387,7335.426889,8082.598832,,
2015-12-31,2015,County,New Jersey,Middlesex,34023,<65,All,All,Autism Spectrum Disorders,0.013,4856.036797,5604.196214,,
2015-12-31,2015,County,New Jersey,Monmouth,34025,<65,All,All,Autism Spectrum Disorders,0.0161,9486.638757,10867.7029,,
2015-12-31,2015,County,New Jersey,Morris,34027,<65,All,All,Autism Spectrum Disorders,0.0212,8879.822521,10245.48501,,
2015-12-31,2015,County,New Jersey,Ocean,34029,<65,All,All,Autism Spectrum Disorders,0.0159,13155.96953,15285.30079,,
2015-12-31,2015,County,New Jersey,Passaic,34031,<65,All,All,Autism Spectrum Disorders,0.0115,7991.149195,9661.631524,,
2015-12-31,2015,County,New Jersey,Salem,34033,<65,All,All,Autism Spectrum Disorders,,,,,
2015-12-31,2015,County,New Jersey,Somerset,34035,<65,All,All,Autism Spectrum Disorders,0.0258,10363.7167,11900.00752,,
2015-12-31,2015,County,New Jersey,Sussex,34037,<65,All,All,Autism Spectrum Disorders,,,,,
2015-12-31,2015,County,New Jersey,Union,34039,<65,All,All,Autism Spectrum Disorders,0.0141,10767.44689,12062.73141,,
2015-12-31,2015,County,New Jersey,Unknown,34999,<65,All,All,Autism Spectrum Disorders,,,,,
2015-12-31,2015,County,New Jersey,Warren,34041,<65,All,All,Autism Spectrum Disorders,,,,,
2015-12-31,2015,County,New Jersey,Atlantic,34001,65+,All,All,Autism Spectrum Disorders,,,,,
2015-12-31,2015,County,New Jersey,Bergen,34003,65+,All,All,Autism Spectrum Disorders,2.00E-04,31885.03474,39498.1491,,
2015-12-31,2015,County,New Jersey,Burlington,34005,65+,All,All,Autism Spectrum Disorders,4.00E-04,32603.34174,35670.01522,,
2015-12-31,2015,County,New Jersey,Camden,34007,65+,All,All,Autism Spectrum Disorders,,,,,
2015-12-31,2015,County,New Jersey,Cape May,34009,65+,All,All,Autism Spectrum Disorders,9.00E-04,8485.072941,9204.679871,,
2015-12-31,2015,County,New Jersey,Cumberland,34011,65+,All,All,Autism Spectrum Disorders,8.00E-04,12116.39692,14991.24615,,
2015-12-31,2015,County,New Jersey,Essex,34013,65+,All,All,Autism Spectrum Disorders,2.00E-04,38855.54533,48512.11333,,
2015-12-31,2015,County,New Jersey,Gloucester,34015,65+,All,All,Autism Spectrum Disorders,,,,,
2015-12-31,2015,County,New Jersey,Hudson,34017,65+,All,All,Autism Spectrum Disorders,,,,,
2015-12-31,2015,County,New Jersey,Hunterdon,34019,65+,All,All,Autism Spectrum Disorders,8.00E-04,20421.29286,23749.43929,,
2015-12-31,2015,County,New Jersey,Mercer,34021,65+,All,All,Autism Spectrum Disorders,0.0011,15265.73067,18724.37633,,
2015-12-31,2015,County,New Jersey,Middlesex,34023,65+,All,All,Autism Spectrum Disorders,1.00E-04,30416.05333,36923.73417,,
2015-12-31,2015,County,New Jersey,Monmouth,34025,65+,All,All,Autism Spectrum Disorders,2.00E-04,20961.13214,27085.48,,
2015-12-31,2015,County,New Jersey,Morris,34027,65+,All,All,Autism Spectrum Disorders,2.00E-04,24801.69929,29841.56214,,
2015-12-31,2015,County,New Jersey,Ocean,34029,65+,All,All,Autism Spectrum Disorders,2.00E-04,19200.33542,20583.25917,,
2015-12-31,2015,County,New Jersey,Passaic,34031,65+,All,All,Autism Spectrum Disorders,4.00E-04,38348.44778,47423.66833,,
2015-12-31,2015,County,New Jersey,Salem,34033,65+,All,All,Autism Spectrum Disorders,,,,,
2015-12-31,2015,County,New Jersey,Somerset,34035,65+,All,All,Autism Spectrum Disorders,4.00E-04,23042.84357,26515.85357,,
2015-12-31,2015,County,New Jersey,Sussex,34037,65+,All,All,Autism Spectrum Disorders,,,,,
2015-12-31,2015,County,New Jersey,Union,34039,65+,All,All,Autism Spectrum Disorders,2.00E-04,17879.70273,21436.57,,
2015-12-31,2015,County,New Jersey,Unknown,34999,65+,All,All,Autism Spectrum Disorders,,,,,
2015-12-31,2015,County,New Jersey,Warren,34041,65+,All,All,Autism Spectrum Disorders,,,,,
2016-12-31,2016,County,New Jersey,Atlantic,34001,All,All,All,Autism Spectrum Disorders,0.0026,6756.148273,8160.148066,,
2016-12-31,2016,County,New Jersey,Bergen,34003,All,All,All,Autism Spectrum Disorders,0.0019,10251.37113,12595.11214,,
2016-12-31,2016,County,New Jersey,Burlington,34005,All,All,All,Autism Spectrum Disorders,0.0043,7413.459478,8360.930037,,
2016-12-31,2016,County,New Jersey,Camden,34007,All,All,All,Autism Spectrum Disorders,0.0031,6121.734975,6956.396965,,
2016-12-31,2016,County,New Jersey,Cape May,34009,All,All,All,Autism Spectrum Disorders,0.0056,8567.226797,9886.074219,,
2016-12-31,2016,County,New Jersey,Cumberland,34011,All,All,All,Autism Spectrum Disorders,0.0054,11750.78034,14477.97906,,
2016-12-31,2016,County,New Jersey,Essex,34013,All,All,All,Autism Spectrum Disorders,0.0024,7445.389214,9072.207893,,
2016-12-31,2016,County,New Jersey,Gloucester,34015,All,All,All,Autism Spectrum Disorders,0.0026,9338.916122,10475.37914,,
2016-12-31,2016,County,New Jersey,Hudson,34017,All,All,All,Autism Spectrum Disorders,0.0017,5273.085542,6125.189537,,
2016-12-31,2016,County,New Jersey,Hunterdon,34019,All,All,All,Autism Spectrum Disorders,0.0087,14641.43123,16463.63739,,
2016-12-31,2016,County,New Jersey,Mercer,34021,All,All,All,Autism Spectrum Disorders,0.007,9663.683628,11139.39305,,
2016-12-31,2016,County,New Jersey,Middlesex,34023,All,All,All,Autism Spectrum Disorders,0.0023,5382.82601,6158.824126,,
2016-12-31,2016,County,New Jersey,Monmouth,34025,All,All,All,Autism Spectrum Disorders,0.0025,12327.64295,14977.08333,,
2016-12-31,2016,County,New Jersey,Morris,34027,All,All,All,Autism Spectrum Disorders,0.0026,9999.154059,11368.03697,,
2016-12-31,2016,County,New Jersey,Ocean,34029,All,All,All,Autism Spectrum Disorders,0.0025,15159.20309,17462.60756,,
2016-12-31,2016,County,New Jersey,Passaic,34031,All,All,All,Autism Spectrum Disorders,0.0024,9810.241328,12455.43781,,
2016-12-31,2016,County,New Jersey,Salem,34033,All,All,All,Autism Spectrum Disorders,0.001,,,,
2016-12-31,2016,County,New Jersey,Somerset,34035,All,All,All,Autism Spectrum Disorders,0.0038,8642.720196,10059.98603,,
2016-12-31,2016,County,New Jersey,Sussex,34037,All,All,All,Autism Spectrum Disorders,0.0035,6610.786842,7493.550347,,
2016-12-31,2016,County,New Jersey,Union,34039,All,All,All,Autism Spectrum Disorders,0.003,8254.706509,9519.531075,,
2016-12-31,2016,County,New Jersey,Unknown,34999,All,All,All,Autism Spectrum Disorders,,,,,
2016-12-31,2016,County,New Jersey,Warren,34041,All,All,All,Autism Spectrum Disorders,0.0021,10974.8773,12197.12027,,
2016-12-31,2016,County,New Jersey,Atlantic,34001,<65,All,All,Autism Spectrum Disorders,0.0138,5571.331546,6905.985773,,
2016-12-31,2016,County,New Jersey,Bergen,34003,<65,All,All,Autism Spectrum Disorders,0.0211,9935.487062,12101.53622,,
2016-12-31,2016,County,New Jersey,Burlington,34005,<65,All,All,Autism Spectrum Disorders,0.0266,5513.188631,6230.001743,,
2016-12-31,2016,County,New Jersey,Camden,34007,<65,All,All,Autism Spectrum Disorders,0.0149,5689.119105,6487.155684,,
2016-12-31,2016,County,New Jersey,Cape May,34009,<65,All,All,Autism Spectrum Disorders,0.0354,5832.897624,6966.415347,,
2016-12-31,2016,County,New Jersey,Cumberland,34011,<65,All,All,Autism Spectrum Disorders,0.0206,11606.0842,14148.0009,,
2016-12-31,2016,County,New Jersey,Essex,34013,<65,All,All,Autism Spectrum Disorders,0.0141,5905.924356,6998.590951,,
2016-12-31,2016,County,New Jersey,Gloucester,34015,<65,All,All,Autism Spectrum Disorders,0.0136,5976.523103,6475.822598,,
2016-12-31,2016,County,New Jersey,Hudson,34017,<65,All,All,Autism Spectrum Disorders,,,,,
2016-12-31,2016,County,New Jersey,Hunterdon,34019,<65,All,All,Autism Spectrum Disorders,0.0743,14266.45085,15957.16131,,
2016-12-31,2016,County,New Jersey,Mercer,34021,<65,All,All,Autism Spectrum Disorders,0.0373,8012.478007,8890.588588,,
2016-12-31,2016,County,New Jersey,Middlesex,34023,<65,All,All,Autism Spectrum Disorders,0.0166,4907.892094,5635.61738,,
2016-12-31,2016,County,New Jersey,Monmouth,34025,<65,All,All,Autism Spectrum Disorders,0.0197,10802.97443,13092.0853,,
2016-12-31,2016,County,New Jersey,Morris,34027,<65,All,All,Autism Spectrum Disorders,0.028,8267.214408,9426.736412,,
2016-12-31,2016,County,New Jersey,Ocean,34029,<65,All,All,Autism Spectrum Disorders,0.0198,13415.97202,15413.64865,,
2016-12-31,2016,County,New Jersey,Passaic,34031,<65,All,All,Autism Spectrum Disorders,0.015,9526.509091,12025.07908,,
2016-12-31,2016,County,New Jersey,Salem,34033,<65,All,All,Autism Spectrum Disorders,,,,,
2016-12-31,2016,County,New Jersey,Somerset,34035,<65,All,All,Autism Spectrum Disorders,0.0346,8260.870526,9587.479119,,
2016-12-31,2016,County,New Jersey,Sussex,34037,<65,All,All,Autism Spectrum Disorders,,,,,
2016-12-31,2016,County,New Jersey,Union,34039,<65,All,All,Autism Spectrum Disorders,0.0202,8042.066644,9291.236655,,
2016-12-31,2016,County,New Jersey,Unknown,34999,<65,All,All,Autism Spectrum Disorders,,,,,
2016-12-31,2016,County,New Jersey,Warren,34041,<65,All,All,Autism Spectrum Disorders,,,,,
2016-12-31,2016,County,New Jersey,Atlantic,34001,65+,All,All,Autism Spectrum Disorders,4.00E-04,15596.70385,17518.12825,,
2016-12-31,2016,County,New Jersey,Bergen,34003,65+,All,All,Autism Spectrum Disorders,2.00E-04,13759.34684,18076.40263,,
2016-12-31,2016,County,New Jersey,Burlington,34005,65+,All,All,Autism Spectrum Disorders,5.00E-04,24375.1363,27381.43815,,
2016-12-31,2016,County,New Jersey,Camden,34007,65+,All,All,Autism Spectrum Disorders,2.00E-04,13594.19091,15061.47364,,
2016-12-31,2016,County,New Jersey,Cape May,34009,65+,All,All,Autism Spectrum Disorders,0.0014,18795.64333,20807.76111,,
2016-12-31,2016,County,New Jersey,Cumberland,34011,65+,All,All,Autism Spectrum Disorders,0.001,12601.93412,16419.02706,,
2016-12-31,2016,County,New Jersey,Essex,34013,65+,All,All,Autism Spectrum Disorders,2.00E-04,24174.24067,31605.512,,
2016-12-31,2016,County,New Jersey,Gloucester,34015,65+,All,All,Autism Spectrum Disorders,3.00E-04,35932.38818,42108.23546,,
2016-12-31,2016,County,New Jersey,Hudson,34017,65+,All,All,Autism Spectrum Disorders,,,,,
2016-12-31,2016,County,New Jersey,Hunterdon,34019,65+,All,All,Autism Spectrum Disorders,0.0013,17044.71455,19709.68864,,
2016-12-31,2016,County,New Jersey,Mercer,34021,65+,All,All,Autism Spectrum Disorders,0.0013,18427.775,23075.35519,,
2016-12-31,2016,County,New Jersey,Middlesex,34023,65+,All,All,Autism Spectrum Disorders,2.00E-04,10718.84824,12037.2058,,
2016-12-31,2016,County,New Jersey,Monmouth,34025,65+,All,All,Autism Spectrum Disorders,3.00E-04,27066.10524,33198.73095,,
2016-12-31,2016,County,New Jersey,Morris,34027,65+,All,All,Autism Spectrum Disorders,3.00E-04,24624.42222,27761.24167,,
2016-12-31,2016,County,New Jersey,Ocean,34029,65+,All,All,Autism Spectrum Disorders,5.00E-04,22544.16382,26142.7426,,
2016-12-31,2016,County,New Jersey,Passaic,34031,65+,All,All,Autism Spectrum Disorders,4.00E-04,11544.16056,15085.40778,,
2016-12-31,2016,County,New Jersey,Salem,34033,65+,All,All,Autism Spectrum Disorders,,,,,
2016-12-31,2016,County,New Jersey,Somerset,34035,65+,All,All,Autism Spectrum Disorders,6.00E-04,11182.0205,13202.157,,
2016-12-31,2016,County,New Jersey,Sussex,34037,65+,All,All,Autism Spectrum Disorders,,,,,
2016-12-31,2016,County,New Jersey,Union,34039,65+,All,All,Autism Spectrum Disorders,5.00E-04,9604.507391,10968.70435,,
2016-12-31,2016,County,New Jersey,Unknown,34999,65+,All,All,Autism Spectrum Disorders,,,,,
2016-12-31,2016,County,New Jersey,Warren,34041,65+,All,All,Autism Spectrum Disorders,,,,,
2017-12-31,2017,County,New Jersey,Atlantic,34001,All,All,All,Autism Spectrum Disorders,0.0033,13162.96199,15720.26996,,
2017-12-31,2017,County,New Jersey,Bergen,34003,All,All,All,Autism Spectrum Disorders,0.0021,9883.190377,12216.37063,,
2017-12-31,2017,County,New Jersey,Burlington,34005,All,All,All,Autism Spectrum Disorders,0.005,6164.601263,6994.793447,,
2017-12-31,2017,County,New Jersey,Camden,34007,All,All,All,Autism Spectrum Disorders,0.0037,8415.476751,9540.282856,,
2017-12-31,2017,County,New Jersey,Cape May,34009,All,All,All,Autism Spectrum Disorders,0.0059,7082.905984,7734.85926,,
2017-12-31,2017,County,New Jersey,Cumberland,34011,All,All,All,Autism Spectrum Disorders,0.0058,8302.32181,9990.853966,,
2017-12-31,2017,County,New Jersey,Essex,34013,All,All,All,Autism Spectrum Disorders,0.0029,10443.59621,13177.73292,,
2017-12-31,2017,County,New Jersey,Gloucester,34015,All,All,All,Autism Spectrum Disorders,0.0026,17055.524,18419.87143,,
2017-12-31,2017,County,New Jersey,Hudson,34017,All,All,All,Autism Spectrum Disorders,0.002,7830.888161,9702.727152,,
2017-12-31,2017,County,New Jersey,Hunterdon,34019,All,All,All,Autism Spectrum Disorders,0.011,14154.74818,16189.8874,,
2017-12-31,2017,County,New Jersey,Mercer,34021,All,All,All,Autism Spectrum Disorders,0.0072,8974.019281,9826.085358,,
2017-12-31,2017,County,New Jersey,Middlesex,34023,All,All,All,Autism Spectrum Disorders,0.0027,6577.727393,7985.59425,,
2017-12-31,2017,County,New Jersey,Monmouth,34025,All,All,All,Autism Spectrum Disorders,0.0027,10387.89992,12241.60387,,
2017-12-31,2017,County,New Jersey,Morris,34027,All,All,All,Autism Spectrum Disorders,0.0028,8701.390393,10112.15988,,
2017-12-31,2017,County,New Jersey,Ocean,34029,All,All,All,Autism Spectrum Disorders,0.0027,11951.60007,13750.05914,,
2017-12-31,2017,County,New Jersey,Passaic,34031,All,All,All,Autism Spectrum Disorders,0.0023,11253.10955,13504.9838,,
2017-12-31,2017,County,New Jersey,Salem,34033,All,All,All,Autism Spectrum Disorders,0.0014,11026.61533,11630.26067,,
2017-12-31,2017,County,New Jersey,Somerset,34035,All,All,All,Autism Spectrum Disorders,0.0046,10008.44239,11272.79381,,
2017-12-31,2017,County,New Jersey,Sussex,34037,All,All,All,Autism Spectrum Disorders,0.004,7310.812353,8194.008205,,
2017-12-31,2017,County,New Jersey,Union,34039,All,All,All,Autism Spectrum Disorders,0.003,13129.37183,15293.92291,,
2017-12-31,2017,County,New Jersey,Unknown,34999,All,All,All,Autism Spectrum Disorders,,,,,
2017-12-31,2017,County,New Jersey,Warren,34041,All,All,All,Autism Spectrum Disorders,0.0028,4766.784667,4982.416889,,
2017-12-31,2017,County,New Jersey,Atlantic,34001,<65,All,All,Autism Spectrum Disorders,0.0181,12019.34948,14395.53065,,
2017-12-31,2017,County,New Jersey,Bergen,34003,<65,All,All,Autism Spectrum Disorders,0.0235,9367.529631,11106.9882,,
2017-12-31,2017,County,New Jersey,Burlington,34005,<65,All,All,Autism Spectrum Disorders,0.0305,5528.323876,6292.784651,,
2017-12-31,2017,County,New Jersey,Camden,34007,<65,All,All,Autism Spectrum Disorders,0.0182,7652.264126,8667.446084,,
2017-12-31,2017,County,New Jersey,Cape May,34009,<65,All,All,Autism Spectrum Disorders,0.0376,7291.218788,7967.977333,,
2017-12-31,2017,County,New Jersey,Cumberland,34011,<65,All,All,Autism Spectrum Disorders,0.0234,6032.83404,6988.620404,,
2017-12-31,2017,County,New Jersey,Essex,34013,<65,All,All,Autism Spectrum Disorders,0.0179,8418.117191,10553.45589,,
2017-12-31,2017,County,New Jersey,Gloucester,34015,<65,All,All,Autism Spectrum Disorders,0.0145,17531.22298,18756.31233,,
2017-12-31,2017,County,New Jersey,Hudson,34017,<65,All,All,Autism Spectrum Disorders,,,,,
2017-12-31,2017,County,New Jersey,Hunterdon,34019,<65,All,All,Autism Spectrum Disorders,0.0947,13934.46957,15935.62573,,
2017-12-31,2017,County,New Jersey,Mercer,34021,<65,All,All,Autism Spectrum Disorders,0.0375,8209.942391,8958.340563,,
2017-12-31,2017,County,New Jersey,Middlesex,34023,<65,All,All,Autism Spectrum Disorders,0.0205,5394.686274,6499.129717,,
2017-12-31,2017,County,New Jersey,Monmouth,34025,<65,All,All,Autism Spectrum Disorders,0.0222,9215.132238,10736.47369,,
2017-12-31,2017,County,New Jersey,Morris,34027,<65,All,All,Autism Spectrum Disorders,0.0315,7266.191859,8549.247109,,
2017-12-31,2017,County,New Jersey,Ocean,34029,<65,All,All,Autism Spectrum Disorders,0.0214,9761.325532,11229.46122,,
2017-12-31,2017,County,New Jersey,Passaic,34031,<65,All,All,Autism Spectrum Disorders,0.0154,8209.384742,9725.180221,,
2017-12-31,2017,County,New Jersey,Salem,34033,<65,All,All,Autism Spectrum Disorders,,,,,
2017-12-31,2017,County,New Jersey,Somerset,34035,<65,All,All,Autism Spectrum Disorders,0.0422,9242.526107,10381.15347,,
2017-12-31,2017,County,New Jersey,Sussex,34037,<65,All,All,Autism Spectrum Disorders,,,,,
2017-12-31,2017,County,New Jersey,Union,34039,<65,All,All,Autism Spectrum Disorders,0.0208,11674.07007,13864.55305,,
2017-12-31,2017,County,New Jersey,Unknown,34999,<65,All,All,Autism Spectrum Disorders,,,,,
2017-12-31,2017,County,New Jersey,Warren,34041,<65,All,All,Autism Spectrum Disorders,,,,,
2017-12-31,2017,County,New Jersey,Atlantic,34001,65+,All,All,Autism Spectrum Disorders,5.00E-04,21382.67688,25241.83375,,
2017-12-31,2017,County,New Jersey,Bergen,34003,65+,All,All,Autism Spectrum Disorders,2.00E-04,14969.48046,23158.91546,,
2017-12-31,2017,County,New Jersey,Burlington,34005,65+,All,All,Autism Spectrum Disorders,7.00E-04,10854.87457,12169.60114,,
2017-12-31,2017,County,New Jersey,Camden,34007,65+,All,All,Autism Spectrum Disorders,3.00E-04,20572.36357,23443.32571,,
2017-12-31,2017,County,New Jersey,Cape May,34009,65+,All,All,Autism Spectrum Disorders,0.0015,6346.371429,6910.620357,,
2017-12-31,2017,County,New Jersey,Cumberland,34011,65+,All,All,Autism Spectrum Disorders,0.0011,21518.75059,27474.44941,,
2017-12-31,2017,County,New Jersey,Essex,34013,65+,All,All,Autism Spectrum Disorders,3.00E-04,31651.55294,40655.45706,,
2017-12-31,2017,County,New Jersey,Gloucester,34015,65+,All,All,Autism Spectrum Disorders,4.00E-04,13422.91364,15850.68636,,
2017-12-31,2017,County,New Jersey,Hudson,34017,65+,All,All,Autism Spectrum Disorders,,,,,
2017-12-31,2017,County,New Jersey,Hunterdon,34019,65+,All,All,Autism Spectrum Disorders,0.0018,15444.95143,17679.13429,,
2017-12-31,2017,County,New Jersey,Mercer,34021,65+,All,All,Autism Spectrum Disorders,0.0015,12635.22104,13984.02917,,
2017-12-31,2017,County,New Jersey,Middlesex,34023,65+,All,All,Autism Spectrum Disorders,3.00E-04,17977.94182,22309.70703,,
2017-12-31,2017,County,New Jersey,Monmouth,34025,65+,All,All,Autism Spectrum Disorders,3.00E-04,20649.61708,25411.49288,,
2017-12-31,2017,County,New Jersey,Morris,34027,65+,All,All,Autism Spectrum Disorders,4.00E-04,18878.25273,21194.63227,,
2017-12-31,2017,County,New Jersey,Ocean,34029,65+,All,All,Autism Spectrum Disorders,6.00E-04,21310.04582,24519.88661,,
2017-12-31,2017,County,New Jersey,Passaic,34031,65+,All,All,Autism Spectrum Disorders,3.00E-04,32341.77429,39693.62286,,
2017-12-31,2017,County,New Jersey,Salem,34033,65+,All,All,Autism Spectrum Disorders,,,,,
2017-12-31,2017,County,New Jersey,Somerset,34035,65+,All,All,Autism Spectrum Disorders,8.00E-04,14235.16556,16193.32754,,
2017-12-31,2017,County,New Jersey,Sussex,34037,65+,All,All,Autism Spectrum Disorders,,,,,
2017-12-31,2017,County,New Jersey,Union,34039,65+,All,All,Autism Spectrum Disorders,4.00E-04,24771.78588,26728.88177,,
2017-12-31,2017,County,New Jersey,Unknown,34999,65+,All,All,Autism Spectrum Disorders,,,,,
2017-12-31,2017,County,New Jersey,Warren,34041,65+,All,All,Autism Spectrum Disorders,,,,,
2018-12-31,2018,County,New Jersey,Atlantic,34001,All,All,All,Autism Spectrum Disorders,0.0033,7916.98197,9556.121777,,
2018-12-31,2018,County,New Jersey,Bergen,34003,All,All,All,Autism Spectrum Disorders,0.0021,8747.021605,10587.23782,,
2018-12-31,2018,County,New Jersey,Burlington,34005,All,All,All,Autism Spectrum Disorders,0.005,9322.76863,10459.1912,,
2018-12-31,2018,County,New Jersey,Camden,34007,All,All,All,Autism Spectrum Disorders,0.0043,7330.860787,8161.485352,,
2018-12-31,2018,County,New Jersey,Cape May,34009,All,All,All,Autism Spectrum Disorders,0.0059,11238.18434,12503.98473,,
2018-12-31,2018,County,New Jersey,Cumberland,34011,All,All,All,Autism Spectrum Disorders,0.0063,12371.76762,14627.02834,,
2018-12-31,2018,County,New Jersey,Essex,34013,All,All,All,Autism Spectrum Disorders,0.0032,11079.2373,14091.49053,,
2018-12-31,2018,County,New Jersey,Gloucester,34015,All,All,All,Autism Spectrum Disorders,0.0026,15909.70323,18532.19126,,
2018-12-31,2018,County,New Jersey,Hudson,34017,All,All,All,Autism Spectrum Disorders,0.0021,5502.322386,6930.078182,,
2018-12-31,2018,County,New Jersey,Hunterdon,34019,All,All,All,Autism Spectrum Disorders,0.0114,17739.42896,20432.28547,,
2018-12-31,2018,County,New Jersey,Mercer,34021,All,All,All,Autism Spectrum Disorders,0.0077,11012.13277,12924.149,,
2018-12-31,2018,County,New Jersey,Middlesex,34023,All,All,All,Autism Spectrum Disorders,0.0029,7324.97739,8691.709905,,
2018-12-31,2018,County,New Jersey,Monmouth,34025,All,All,All,Autism Spectrum Disorders,0.003,10477.91204,13149.3018,,
2018-12-31,2018,County,New Jersey,Morris,34027,All,All,All,Autism Spectrum Disorders,0.003,7770.739124,8924.839155,,
2018-12-31,2018,County,New Jersey,Ocean,34029,All,All,All,Autism Spectrum Disorders,0.003,10909.27424,12835.87577,,
2018-12-31,2018,County,New Jersey,Passaic,34031,All,All,All,Autism Spectrum Disorders,0.0023,8851.085,10493.55986,,
2018-12-31,2018,County,New Jersey,Salem,34033,All,All,All,Autism Spectrum Disorders,0.0011,4197.175,3821.261667,,
2018-12-31,2018,County,New Jersey,Somerset,34035,All,All,All,Autism Spectrum Disorders,0.0047,11127.82785,13255.0919,,
2018-12-31,2018,County,New Jersey,Sussex,34037,All,All,All,Autism Spectrum Disorders,0.0047,9007.132843,10834.73749,,
2018-12-31,2018,County,New Jersey,Union,34039,All,All,All,Autism Spectrum Disorders,0.0032,11226.81535,12848.9823,,
2018-12-31,2018,County,New Jersey,Unknown,34999,All,All,All,Autism Spectrum Disorders,,,,,
2018-12-31,2018,County,New Jersey,Warren,34041,All,All,All,Autism Spectrum Disorders,0.0034,6143.554464,7021.3929,,
2018-12-31,2018,County,New Jersey,Atlantic,34001,<65,All,All,Autism Spectrum Disorders,0.0188,6578.292983,8080.488333,,
2018-12-31,2018,County,New Jersey,Bergen,34003,<65,All,All,Autism Spectrum Disorders,0.0246,8129.437732,9826.642694,,
2018-12-31,2018,County,New Jersey,Burlington,34005,<65,All,All,Autism Spectrum Disorders,0.0313,8680.659841,9641.0398,,
2018-12-31,2018,County,New Jersey,Camden,34007,<65,All,All,Autism Spectrum Disorders,0.0222,7066.3458,7848.241836,,
2018-12-31,2018,County,New Jersey,Cape May,34009,<65,All,All,Autism Spectrum Disorders,0.0405,11364.75314,12679.92039,,
2018-12-31,2018,County,New Jersey,Cumberland,34011,<65,All,All,Autism Spectrum Disorders,0.0266,9231.125588,10614.86546,,
2018-12-31,2018,County,New Jersey,Essex,34013,<65,All,All,Autism Spectrum Disorders,0.0204,7900.875946,9974.833454,,
2018-12-31,2018,County,New Jersey,Gloucester,34015,<65,All,All,Autism Spectrum Disorders,,,,,
2018-12-31,2018,County,New Jersey,Hudson,34017,<65,All,All,Autism Spectrum Disorders,,,,,
2018-12-31,2018,County,New Jersey,Hunterdon,34019,<65,All,All,Autism Spectrum Disorders,0.1002,18117.24473,20854.17982,,
2018-12-31,2018,County,New Jersey,Mercer,34021,<65,All,All,Autism Spectrum Disorders,0.0426,9834.107207,11789.41501,,
2018-12-31,2018,County,New Jersey,Middlesex,34023,<65,All,All,Autism Spectrum Disorders,0.0235,7086.738166,8483.692299,,
2018-12-31,2018,County,New Jersey,Monmouth,34025,<65,All,All,Autism Spectrum Disorders,0.0257,8379.522043,10528.8179,,
2018-12-31,2018,County,New Jersey,Morris,34027,<65,All,All,Autism Spectrum Disorders,0.0355,6023.913133,6918.009521,,
2018-12-31,2018,County,New Jersey,Ocean,34029,<65,All,All,Autism Spectrum Disorders,0.0239,8759.382209,10360.00155,,
2018-12-31,2018,County,New Jersey,Passaic,34031,<65,All,All,Autism Spectrum Disorders,0.0171,7509.794227,8841.64299,,
2018-12-31,2018,County,New Jersey,Salem,34033,<65,All,All,Autism Spectrum Disorders,,,,,
2018-12-31,2018,County,New Jersey,Somerset,34035,<65,All,All,Autism Spectrum Disorders,0.0462,9566.792208,11408.89938,,
2018-12-31,2018,County,New Jersey,Sussex,34037,<65,All,All,Autism Spectrum Disorders,,,,,
2018-12-31,2018,County,New Jersey,Union,34039,<65,All,All,Autism Spectrum Disorders,0.0225,9872.679779,11348.16879,,
2018-12-31,2018,County,New Jersey,Unknown,34999,<65,All,All,Autism Spectrum Disorders,,,,,
2018-12-31,2018,County,New Jersey,Warren,34041,<65,All,All,Autism Spectrum Disorders,,,,,
2018-12-31,2018,County,New Jersey,Atlantic,34001,65+,All,All,Autism Spectrum Disorders,5.00E-04,16395.34556,18901.80026,,
2018-12-31,2018,County,New Jersey,Bergen,34003,65+,All,All,Autism Spectrum Disorders,3.00E-04,13687.69259,16671.99882,,
2018-12-31,2018,County,New Jersey,Burlington,34005,65+,All,All,Autism Spectrum Disorders,8.00E-04,13368.054,15613.545,,
2018-12-31,2018,County,New Jersey,Camden,34007,65+,All,All,Autism Spectrum Disorders,3.00E-04,11220.78706,12768.00765,,
2018-12-31,2018,County,New Jersey,Cape May,34009,65+,All,All,Autism Spectrum Disorders,0.0014,10760.03556,11839.33889,,
2018-12-31,2018,County,New Jersey,Cumberland,34011,65+,All,All,Autism Spectrum Disorders,0.0013,28389.042,35089.059,,
2018-12-31,2018,County,New Jersey,Essex,34013,65+,All,All,Autism Spectrum Disorders,3.00E-04,42026.44,54174.73053,,
2018-12-31,2018,County,New Jersey,Gloucester,34015,65+,All,All,Autism Spectrum Disorders,,,,,
2018-12-31,2018,County,New Jersey,Hudson,34017,65+,All,All,Autism Spectrum Disorders,,,,,
2018-12-31,2018,County,New Jersey,Hunterdon,34019,65+,All,All,Autism Spectrum Disorders,0.0021,15883.68677,18360.03971,,
2018-12-31,2018,County,New Jersey,Mercer,34021,65+,All,All,Autism Spectrum Disorders,0.0014,17337.61783,19017.17717,,
2018-12-31,2018,County,New Jersey,Middlesex,34023,65+,All,All,Autism Spectrum Disorders,3.00E-04,10052.8165,11073.5115,,
2018-12-31,2018,County,New Jersey,Monmouth,34025,65+,All,All,Autism Spectrum Disorders,4.00E-04,26915.30033,33676.42567,,
2018-12-31,2018,County,New Jersey,Morris,34027,65+,All,All,Autism Spectrum Disorders,5.00E-04,18126.92179,20822.47199,,
2018-12-31,2018,County,New Jersey,Ocean,34029,65+,All,All,Autism Spectrum Disorders,7.00E-04,19442.69185,22663.1919,,
2018-12-31,2018,County,New Jersey,Passaic,34031,65+,All,All,Autism Spectrum Disorders,3.00E-04,18859.17769,22819.40111,,
2018-12-31,2018,County,New Jersey,Salem,34033,65+,All,All,Autism Spectrum Disorders,,,,,
2018-12-31,2018,County,New Jersey,Somerset,34035,65+,All,All,Autism Spectrum Disorders,8.00E-04,20031.51259,23785.22704,,
2018-12-31,2018,County,New Jersey,Sussex,34037,65+,All,All,Autism Spectrum Disorders,,,,,
2018-12-31,2018,County,New Jersey,Union,34039,65+,All,All,Autism Spectrum Disorders,5.00E-04,19233.87783,21723.35783,,
2018-12-31,2018,County,New Jersey,Unknown,34999,65+,All,All,Autism Spectrum Disorders,,,,,
2018-12-31,2018,County,New Jersey,Warren,34041,65+,All,All,Autism Spectrum Disorders,,,,,
